[
  {
    "countryId": "200bd088-646d-4699-a54a-5f86c3dcd789",
    "countryName": "Belgium",
    "countryCode": "BE",
    "countryCode3": "BEL",
    "capital": "Brussels",
    "continentCode": "EU",
    "area": 305100,
    "population": 10403000,
    "lat": 50.503887,
    "lng": 4.469936,
    "currencyCode": "EUR",
    "currencyName": "Euro",
    "languages": "nl-BE,fr-BE,de-BE"
  },
  {
    "countryId": "c5155aa6-d676-47bd-80a8-0ce4b8c28ffc",
    "countryName": "Bulgaria",
    "countryCode": "BG",
    "countryCode3": "BGR",
    "capital": "Sofia",
    "continentCode": "EU",
    "area": 1109100,
    "population": 7000039,
    "lat": 42.733883,
    "lng": 25.48583,
    "currencyCode": "BGN",
    "currencyName": "Bulgarian Lev",
    "languages": "bg,tr-BG,rom"
  },
  {
    "countryId": "2176a5da-c506-4509-b18f-c2f03c9f3083",
    "countryName": "Bahrain",
    "countryCode": "BH",
    "countryCode3": "BHR",
    "capital": "Manama",
    "continentCode": "AS",
    "area": 6650,
    "population": 738004,
    "lat": 25.930414,
    "lng": 50.637772,
    "currencyCode": "BHD",
    "currencyName": "Bahraini Dinar",
    "languages": "ar-BH,en,fa,ur"
  },
  {
    "countryId": "824e3637-a01e-4eec-8467-3cb6cbde301e",
    "countryName": "Burundi",
    "countryCode": "BI",
    "countryCode3": "BDI",
    "capital": "Gitega",
    "continentCode": "AF",
    "area": 278300,
    "population": 9863117,
    "lat": -3.373056,
    "lng": 29.918886,
    "currencyCode": "BIF",
    "currencyName": "Burundi Franc",
    "languages": "fr-BI,rn"
  },
  {
    "countryId": "ca7da922-e4a5-4592-b01e-ebefbaf5056e",
    "countryName": "Benin",
    "countryCode": "BJ",
    "countryCode3": "BEN",
    "capital": "Porto-Novo",
    "continentCode": "AF",
    "area": 1126200,
    "population": 9056010,
    "lat": 9.30769,
    "lng": 2.315834,
    "currencyCode": "XOF",
    "currencyName": "CFA Franc BCEAO",
    "languages": "fr-BJ"
  },
  {
    "countryId": "e9c658e0-3620-4d9b-9353-4904f05a01e1",
    "countryName": "Bermuda",
    "countryCode": "BM",
    "countryCode3": "BMU",
    "capital": "Hamilton",
    "continentCode": "NA",
    "area": 530,
    "population": 65365,
    "lat": 32.321384,
    "lng": -64.75737,
    "currencyCode": "BMD",
    "currencyName": "Bermudian Dollar",
    "languages": "en-BM,pt"
  },
  {
    "countryId": "c38c26d4-448a-4224-92bb-757e8c6a2c5f",
    "countryName": "Brunei",
    "countryCode": "BN",
    "countryCode3": "BRN",
    "capital": "Bandar Seri Begawan",
    "continentCode": "AS",
    "area": 57700,
    "population": 395027,
    "lat": 4.535277,
    "lng": 114.727669,
    "currencyCode": "BND",
    "currencyName": "Brunei Dollar",
    "languages": "ms-BN,en-BN"
  },
  {
    "countryId": "87e1e43e-5808-4969-be99-2cd2a36c44a6",
    "countryName": "Bolivia",
    "countryCode": "BO",
    "countryCode3": "BOL",
    "capital": "Sucre",
    "continentCode": "SA",
    "area": 10985800,
    "population": 9947418,
    "lat": -16.290154,
    "lng": -63.588653,
    "currencyCode": "BOB",
    "currencyName": "Boliviano",
    "languages": "es-BO,qu,ay"
  },
  {
    "countryId": "4ab9fece-58f5-4df1-9154-fd8fec137464",
    "countryName": "Brazil",
    "countryCode": "BR",
    "countryCode3": "BRA",
    "capital": "Brasilia",
    "continentCode": "SA",
    "area": 85119650,
    "population": 201103330,
    "lat": -14.235004,
    "lng": -51.92528,
    "currencyCode": "BRL",
    "currencyName": "Brazilian Real",
    "languages": "pt-BR,es,en,fr"
  },
  {
    "countryId": "fefad91d-e226-4ede-b9ca-9dfaa4791146",
    "countryName": "Bahamas",
    "countryCode": "BS",
    "countryCode3": "BHS",
    "capital": "Nassau",
    "continentCode": "NA",
    "area": 139400,
    "population": 301790,
    "lat": 25.03428,
    "lng": -77.39628,
    "currencyCode": "BSD",
    "currencyName": "Bahamian Dollar",
    "languages": "en-BS"
  },
  {
    "countryId": "0a436c2e-a1f7-40a1-b435-5f30ef2b2760",
    "countryName": "Bhutan",
    "countryCode": "BT",
    "countryCode3": "BTN",
    "capital": "Thimphu",
    "continentCode": "AS",
    "area": 470000,
    "population": 699847,
    "lat": 27.514162,
    "lng": 90.433601,
    "currencyCode": "INR",
    "currencyName": "Indian Rupee",
    "languages": "dz"
  },
  {
    "countryId": "e4175713-21c9-42e3-a75f-a52011d72681",
    "countryName": "Botswana",
    "countryCode": "BW",
    "countryCode3": "BWA",
    "capital": "Gaborone",
    "continentCode": "AF",
    "area": 6003700,
    "population": 2029307,
    "lat": -22.328474,
    "lng": 24.684866,
    "currencyCode": "BWP",
    "currencyName": "Pula",
    "languages": "en-BW,tn-BW"
  },
  {
    "countryId": "0f537504-d329-4d5d-9c57-e8476152f949",
    "countryName": "Belarus",
    "countryCode": "BY",
    "countryCode3": "BLR",
    "capital": "Minsk",
    "continentCode": "EU",
    "area": 2076000,
    "population": 9685000,
    "lat": 53.709807,
    "lng": 27.953389,
    "currencyCode": "BYR",
    "currencyName": "Belarussian Ruble",
    "languages": "be,ru"
  },
  {
    "countryId": "7f39e71b-2b2b-4f8b-92b1-1fb3e6669de2",
    "countryName": "Belize",
    "countryCode": "BZ",
    "countryCode3": "BLZ",
    "capital": "Belmopan",
    "continentCode": "NA",
    "area": 229660,
    "population": 314522,
    "lat": 17.189877,
    "lng": -88.49765,
    "currencyCode": "BZD",
    "currencyName": "Belize Dollar",
    "languages": "en-BZ,es"
  },
  {
    "countryId": "4c06dbeb-ac8f-4a42-8b30-856d6d807fc0",
    "countryName": "Canada",
    "countryCode": "CA",
    "countryCode3": "CAN",
    "capital": "Ottawa",
    "continentCode": "NA",
    "area": 99846700,
    "population": 33679000,
    "lat": 56.130366,
    "lng": -106.346771,
    "currencyCode": "CAD",
    "currencyName": "Canadian Dollar",
    "languages": "en-CA,fr-CA,iu"
  },
  {
    "countryId": "6eb487ee-e424-44ba-bad6-5234c74c9740",
    "countryName": "Democratic Republic of the Congo",
    "countryCode": "CD",
    "countryCode3": "COD",
    "capital": "Kinshasa",
    "continentCode": "AF",
    "area": 23454100,
    "population": 70916439,
    "lat": -4.038333,
    "lng": 21.758664,
    "currencyCode": "",
    "currencyName": "",
    "languages": "fr-CD,ln,kg"
  },
  {
    "countryId": "436061b9-b143-4dfb-b59d-1ae470a5f863",
    "countryName": "Central African Republic",
    "countryCode": "CF",
    "countryCode3": "CAF",
    "capital": "Bangui",
    "continentCode": "AF",
    "area": 6229840,
    "population": 4844927,
    "lat": 6.611111,
    "lng": 20.939444,
    "currencyCode": "XAF",
    "currencyName": "CFA Franc BEAC",
    "languages": "fr-CF,sg,ln,kg"
  },
  {
    "countryId": "eeea8608-48b0-4da8-b978-40c05ce0ac96",
    "countryName": "Republic of the Congo",
    "countryCode": "CG",
    "countryCode3": "COG",
    "capital": "Brazzaville",
    "continentCode": "AF",
    "area": 3420000,
    "population": 3039126,
    "lat": -0.228021,
    "lng": 15.827659,
    "currencyCode": "XAF",
    "currencyName": "CFA Franc BEAC",
    "languages": "fr-CG,kg,ln-CG"
  },
  {
    "countryId": "e7d0af7f-a358-4024-9c85-5b99fa66bc54",
    "countryName": "Switzerland",
    "countryCode": "CH",
    "countryCode3": "CHE",
    "capital": "Bern",
    "continentCode": "EU",
    "area": 412900,
    "population": 8484100,
    "lat": 46.818188,
    "lng": 8.227512,
    "currencyCode": "CHF",
    "currencyName": "Swiss Franc",
    "languages": "de-CH,fr-CH,it-CH,rm"
  },
  {
    "countryId": "bb57d7cb-5171-4677-91e1-0a61f686a2ad",
    "countryName": "Ivory Coast",
    "countryCode": "CI",
    "countryCode3": "CIV",
    "capital": "Yamoussoukro",
    "continentCode": "AF",
    "area": 3224600,
    "population": 21058798,
    "lat": 7.539989,
    "lng": -5.54708,
    "currencyCode": "XOF",
    "currencyName": "CFA Franc BCEAO",
    "languages": "fr-CI"
  },
  {
    "countryId": "67c279cb-141b-407a-b19e-bec0ade17aef",
    "countryName": "Chile",
    "countryCode": "CL",
    "countryCode3": "CHL",
    "capital": "Santiago",
    "continentCode": "SA",
    "area": 7569500,
    "population": 16746491,
    "lat": -35.675147,
    "lng": -71.542969,
    "currencyCode": "CLP",
    "currencyName": "Chilean Peso",
    "languages": "es-CL"
  },
  {
    "countryId": "27185cf1-c256-453c-a6cf-aae18f3c2f09",
    "countryName": "Cameroon",
    "countryCode": "CM",
    "countryCode3": "CMR",
    "capital": "Yaounde",
    "continentCode": "AF",
    "area": 4754400,
    "population": 19294149,
    "lat": 7.369722,
    "lng": 12.354722,
    "currencyCode": "XAF",
    "currencyName": "CFA Franc BEAC",
    "languages": "en-CM,fr-CM"
  },
  {
    "countryId": "55ebef88-bdf1-4a7c-81ca-80a424e3ed08",
    "countryName": "China",
    "countryCode": "CN",
    "countryCode3": "CHN",
    "capital": "Beijing",
    "continentCode": "AS",
    "area": 95969600,
    "population": 1330044000,
    "lat": 35.86166,
    "lng": 104.195397,
    "currencyCode": "CNY",
    "currencyName": "Yuan Renminbi",
    "languages": "zh-CN,yue,wuu,dta,ug,za"
  },
  {
    "countryId": "83a46899-782f-418a-92de-138ee675368c",
    "countryName": "Colombia",
    "countryCode": "CO",
    "countryCode3": "COL",
    "capital": "Bogota",
    "continentCode": "SA",
    "area": 11389100,
    "population": 47790000,
    "lat": 4.570868,
    "lng": -74.297333,
    "currencyCode": "COP",
    "currencyName": "Colombian Peso",
    "languages": "es-CO"
  },
  {
    "countryId": "ee592aa6-a725-43f0-a29a-ef3b1b884b93",
    "countryName": "Costa Rica",
    "countryCode": "CR",
    "countryCode3": "CRI",
    "capital": "San Jose",
    "continentCode": "NA",
    "area": 511000,
    "population": 4516220,
    "lat": 9.748917,
    "lng": -83.753428,
    "currencyCode": "CRC",
    "currencyName": "Costa Rican Colon",
    "languages": "es-CR,en"
  },
  {
    "countryId": "7351de57-ff88-4dad-ac45-e5a61d508710",
    "countryName": "Cuba",
    "countryCode": "CU",
    "countryCode3": "CUB",
    "capital": "Havana",
    "continentCode": "NA",
    "area": 1108600,
    "population": 11423000,
    "lat": 21.521757,
    "lng": -77.781167,
    "currencyCode": "CUP",
    "currencyName": "Cuban Peso",
    "languages": "es-CU"
  },
  {
    "countryId": "1f3fcbe6-7504-4f55-9b09-d87acc7ead7a",
    "countryName": "Cabo Verde",
    "countryCode": "CV",
    "countryCode3": "CPV",
    "capital": "Praia",
    "continentCode": "AF",
    "area": 40330,
    "population": 508659,
    "lat": 16.002082,
    "lng": -24.013197,
    "currencyCode": "CVE",
    "currencyName": "Cabo Verde Escudo",
    "languages": "pt-CV"
  },
  {
    "countryId": "18aa0751-286e-4674-9525-c4ec6818d164",
    "countryName": "Christmas Island",
    "countryCode": "CX",
    "countryCode3": "CXR",
    "capital": "Flying Fish Cove",
    "continentCode": "OC",
    "area": 1350,
    "population": 1500,
    "lat": -10.447525,
    "lng": 105.690449,
    "currencyCode": "",
    "currencyName": "",
    "languages": "en,zh,ms-CC"
  },
  {
    "countryId": "3dd18542-236c-4ce6-ad7c-3ce3f6c9aea1",
    "countryName": "Cyprus",
    "countryCode": "CY",
    "countryCode3": "CYP",
    "capital": "Nicosia",
    "continentCode": "EU",
    "area": 92500,
    "population": 1102677,
    "lat": 35.126413,
    "lng": 33.429859,
    "currencyCode": "EUR",
    "currencyName": "Euro",
    "languages": "el-CY,tr-CY,en"
  },
  {
    "countryId": "79ea7d38-b2ef-40ad-94eb-0af3dfeca264",
    "countryName": "Czechia",
    "countryCode": "CZ",
    "countryCode3": "CZE",
    "capital": "Prague",
    "continentCode": "EU",
    "area": 788660,
    "population": 10476000,
    "lat": 49.817492,
    "lng": 15.472962,
    "currencyCode": "",
    "currencyName": "",
    "languages": "cs,sk"
  },
  {
    "countryId": "7b2f346b-4887-4e48-a807-541cd2008a06",
    "countryName": "Germany",
    "countryCode": "DE",
    "countryCode3": "DEU",
    "capital": "Berlin",
    "continentCode": "EU",
    "area": 3570210,
    "population": 81802257,
    "lat": 51.165691,
    "lng": 10.451526,
    "currencyCode": "EUR",
    "currencyName": "Euro",
    "languages": "de"
  },
  {
    "countryId": "bd48292f-f8f3-400c-9f3f-d7e99e1b6821",
    "countryName": "Djibouti",
    "countryCode": "DJ",
    "countryCode3": "DJI",
    "capital": "Djibouti",
    "continentCode": "AF",
    "area": 230000,
    "population": 740528,
    "lat": 11.825138,
    "lng": 42.590275,
    "currencyCode": "DJF",
    "currencyName": "Djibouti Franc",
    "languages": "fr-DJ,ar,so-DJ,aa"
  },
  {
    "countryId": "83c2b530-fbaa-40ed-971a-218738c6dbfa",
    "countryName": "Denmark",
    "countryCode": "DK",
    "countryCode3": "DNK",
    "capital": "Copenhagen",
    "continentCode": "EU",
    "area": 430940,
    "population": 5484000,
    "lat": 56.26392,
    "lng": 9.501785,
    "currencyCode": "DKK",
    "currencyName": "Danish Krone",
    "languages": "da-DK,en,fo,de-DK"
  },
  {
    "countryId": "053a74ce-40c0-4fd4-a2c4-785348ffaae8",
    "countryName": "Dominica",
    "countryCode": "DM",
    "countryCode3": "DMA",
    "capital": "Roseau",
    "continentCode": "NA",
    "area": 7540,
    "population": 72813,
    "lat": 15.414999,
    "lng": -61.370976,
    "currencyCode": "XCD",
    "currencyName": "East Caribbean Dollar",
    "languages": "en-DM"
  },
  {
    "countryId": "ee2df934-a959-47c1-be13-a359f2590e4f",
    "countryName": "Dominican Republic",
    "countryCode": "DO",
    "countryCode3": "DOM",
    "capital": "Santo Domingo",
    "continentCode": "NA",
    "area": 487300,
    "population": 9823821,
    "lat": 18.735693,
    "lng": -70.162651,
    "currencyCode": "DOP",
    "currencyName": "Dominican Peso",
    "languages": "es-DO"
  },
  {
    "countryId": "fdd4affc-e1d1-4f7c-aba2-1b4fe249a704",
    "countryName": "Algeria",
    "countryCode": "DZ",
    "countryCode3": "DZA",
    "capital": "Algiers",
    "continentCode": "AF",
    "area": 23817400,
    "population": 34586184,
    "lat": 28.033886,
    "lng": 1.659626,
    "currencyCode": "DZD",
    "currencyName": "Algerian Dinar",
    "languages": "ar-DZ"
  },
  {
    "countryId": "f8663452-3c42-49df-9bba-87ec8c4bf586",
    "countryName": "Ecuador",
    "countryCode": "EC",
    "countryCode3": "ECU",
    "capital": "Quito",
    "continentCode": "SA",
    "area": 2835600,
    "population": 14790608,
    "lat": -1.831239,
    "lng": -78.183406,
    "currencyCode": "USD",
    "currencyName": "US Dollar",
    "languages": "es-EC"
  },
  {
    "countryId": "731a670f-58e5-4ec7-87b4-a826a753b5b3",
    "countryName": "Estonia",
    "countryCode": "EE",
    "countryCode3": "EST",
    "capital": "Tallinn",
    "continentCode": "EU",
    "area": 452260,
    "population": 1291170,
    "lat": 58.595272,
    "lng": 25.013607,
    "currencyCode": "EUR",
    "currencyName": "Euro",
    "languages": "et,ru"
  },
  {
    "countryId": "c18eebd1-873b-44ba-a674-64bfe65710cb",
    "countryName": "Egypt",
    "countryCode": "EG",
    "countryCode3": "EGY",
    "capital": "Cairo",
    "continentCode": "AF",
    "area": 10014500,
    "population": 80471869,
    "lat": 26.820553,
    "lng": 30.802498,
    "currencyCode": "EGP",
    "currencyName": "Egyptian Pound",
    "languages": "ar-EG,en,fr"
  },
  {
    "countryId": "d4f5d076-c976-4428-a620-d97fec9e3837",
    "countryName": "Western Sahara",
    "countryCode": "EH",
    "countryCode3": "ESH",
    "capital": "El-Aaiun",
    "continentCode": "AF",
    "area": 2660000,
    "population": 273008,
    "lat": 24.215527,
    "lng": -12.885834,
    "currencyCode": "MAD",
    "currencyName": "Moroccan Dirham",
    "languages": "ar,mey"
  },
  {
    "countryId": "4127bc17-97a2-409d-9e31-d92584a9affe",
    "countryName": "Eritrea",
    "countryCode": "ER",
    "countryCode3": "ERI",
    "capital": "Asmara",
    "continentCode": "AF",
    "area": 1213200,
    "population": 5792984,
    "lat": 15.179384,
    "lng": 39.782334,
    "currencyCode": "ERN",
    "currencyName": "Nakfa",
    "languages": "aa-ER,ar,tig,kun,ti-ER"
  },
  {
    "countryId": "0162191e-350e-40e5-a9ba-fbe0f4bb3346",
    "countryName": "Spain",
    "countryCode": "ES",
    "countryCode3": "ESP",
    "capital": "MadrcountryId",
    "continentCode": "EU",
    "area": 5047820,
    "population": 46505963,
    "lat": 40.463667,
    "lng": -3.74922,
    "currencyCode": "EUR",
    "currencyName": "Euro",
    "languages": "es-ES,ca,gl,eu,oc"
  },
  {
    "countryId": "31c20a63-b5fa-4dd0-80ab-be6c37bc421a",
    "countryName": "Ethiopia",
    "countryCode": "ET",
    "countryCode3": "ETH",
    "capital": "Addis Ababa",
    "continentCode": "AF",
    "area": 11271270,
    "population": 88013491,
    "lat": 9.145,
    "lng": 40.489673,
    "currencyCode": "ETB",
    "currencyName": "Ethiopian Birr",
    "languages": "am,en-ET,om-ET,ti-ET,so-ET,scountryId"
  },
  {
    "countryId": "4d18088e-10cf-44c0-8ceb-f85db1417dd8",
    "countryName": "Finland",
    "countryCode": "FI",
    "countryCode3": "FIN",
    "capital": "Helsinki",
    "continentCode": "EU",
    "area": 3370300,
    "population": 5244000,
    "lat": 61.92411,
    "lng": 25.748151,
    "currencyCode": "EUR",
    "currencyName": "Euro",
    "languages": "fi-FI,sv-FI,smn"
  },
  {
    "countryId": "da5ee6d9-c81a-4e39-8ac8-c5c700793959",
    "countryName": "Fiji",
    "countryCode": "FJ",
    "countryCode3": "FJI",
    "capital": "Suva",
    "continentCode": "OC",
    "area": 182700,
    "population": 875983,
    "lat": -16.578193,
    "lng": 179.414413,
    "currencyCode": "FJD",
    "currencyName": "Fiji Dollar",
    "languages": "en-FJ,fj"
  },
  {
    "countryId": "e81672e5-d3b8-4052-9e42-969f9aff6b8b",
    "countryName": "Falkland Islands",
    "countryCode": "FK",
    "countryCode3": "FLK",
    "capital": "Stanley",
    "continentCode": "SA",
    "area": 121730,
    "population": 2638,
    "lat": -51.796253,
    "lng": -59.523613,
    "currencyCode": "FKP",
    "currencyName": "Falkland Islands Pound",
    "languages": "en-FK"
  },
  {
    "countryId": "7ad887da-eabf-4423-8dcb-f98b95bd22b1",
    "countryName": "Micronesia",
    "countryCode": "FM",
    "countryCode3": "FSM",
    "capital": "Palikir",
    "continentCode": "OC",
    "area": 7020,
    "population": 107708,
    "lat": 7.425554,
    "lng": 150.550812,
    "currencyCode": "USD",
    "currencyName": "US Dollar",
    "languages": "en-FM,chk,pon,yap,kos,uli,woe,nkr,kpg"
  },
  {
    "countryId": "41a603a4-1012-4e65-b707-874e41959866",
    "countryName": "Faroe Islands",
    "countryCode": "FO",
    "countryCode3": "FRO",
    "capital": "Torshavn",
    "continentCode": "EU",
    "area": 13990,
    "population": 48228,
    "lat": 61.892635,
    "lng": -6.911806,
    "currencyCode": "",
    "currencyName": "",
    "languages": "fo,da-FO"
  },
  {
    "countryId": "07a64834-0ee1-4294-bc6a-7291195e9268",
    "countryName": "France",
    "countryCode": "FR",
    "countryCode3": "FRA",
    "capital": "Paris",
    "continentCode": "EU",
    "area": 5470300,
    "population": 64768389,
    "lat": 46.227638,
    "lng": 2.213749,
    "currencyCode": "EUR",
    "currencyName": "Euro",
    "languages": "fr-FR,frp,br,co,ca,eu,oc"
  },
  {
    "countryId": "7503c0dd-7233-4a39-8e5a-48a58d3bc90a",
    "countryName": "Gabon",
    "countryCode": "GA",
    "countryCode3": "GAB",
    "capital": "Libreville",
    "continentCode": "AF",
    "area": 2676670,
    "population": 1545255,
    "lat": -0.803689,
    "lng": 11.609444,
    "currencyCode": "XAF",
    "currencyName": "CFA Franc BEAC",
    "languages": "fr-GA"
  },
  {
    "countryId": "5e385fbe-caee-4eb0-ab0b-95a1aec3a255",
    "countryName": "United Kingdom",
    "countryCode": "GB",
    "countryCode3": "GBR",
    "capital": "London",
    "continentCode": "EU",
    "area": 2448200,
    "population": 62348447,
    "lat": 55.378051,
    "lng": -3.435973,
    "currencyCode": "GBP",
    "currencyName": "Pound Sterling",
    "languages": "en-GB,cy-GB,gd"
  },
  {
    "countryId": "5cec9832-2c8b-4f69-96b0-5d581964532c",
    "countryName": "Grenada",
    "countryCode": "GD",
    "countryCode3": "GRD",
    "capital": "St. George's",
    "continentCode": "NA",
    "area": 3440,
    "population": 107818,
    "lat": 12.262776,
    "lng": -61.604171,
    "currencyCode": "XCD",
    "currencyName": "East Caribbean Dollar",
    "languages": "en-GD"
  },
  {
    "countryId": "c6099e78-b4f4-4f74-8e7d-3fd731413249",
    "countryName": "Georgia",
    "countryCode": "GE",
    "countryCode3": "GEO",
    "capital": "Tbilisi",
    "continentCode": "AS",
    "area": 697000,
    "population": 4630000,
    "lat": 42.315407,
    "lng": 43.356892,
    "currencyCode": "GEL",
    "currencyName": "Lari",
    "languages": "ka,ru,hy,az"
  },
  {
    "countryId": "84219e64-8742-4494-a4be-1f3ff7d8718e",
    "countryName": "French Guiana",
    "countryCode": "GF",
    "countryCode3": "GUF",
    "capital": "Cayenne",
    "continentCode": "SA",
    "area": 910000,
    "population": 195506,
    "lat": 3.933889,
    "lng": -53.125782,
    "currencyCode": "EUR",
    "currencyName": "Euro",
    "languages": "fr-GF"
  },
  {
    "countryId": "0fb549f4-86ee-4a96-a066-ff77403f4399",
    "countryName": "Guernsey",
    "countryCode": "GG",
    "countryCode3": "GGY",
    "capital": "St Peter Port",
    "continentCode": "EU",
    "area": 780,
    "population": 65228,
    "lat": 49.465691,
    "lng": -2.585278,
    "currencyCode": "GBP",
    "currencyName": "Pound Sterling",
    "languages": "en,fr"
  },
  {
    "countryId": "caebd873-e51a-4f45-95ed-a8f242505e63",
    "countryName": "Ghana",
    "countryCode": "GH",
    "countryCode3": "GHA",
    "capital": "Accra",
    "continentCode": "AF",
    "area": 2394600,
    "population": 24339838,
    "lat": 7.946527,
    "lng": -1.023194,
    "currencyCode": "GHS",
    "currencyName": "Ghana Cedi",
    "languages": "en-GH,ak,ee,tw"
  },
  {
    "countryId": "cbbe5860-c979-496a-8c26-07d97eb4ea5e",
    "countryName": "Gibraltar",
    "countryCode": "GI",
    "countryCode3": "GIB",
    "capital": "Gibraltar",
    "continentCode": "EU",
    "area": 65,
    "population": 27884,
    "lat": 36.137741,
    "lng": -5.345374,
    "currencyCode": "GIP",
    "currencyName": "Gibraltar Pound",
    "languages": "en-GI,es,it,pt"
  },
  {
    "countryId": "66556a8b-0fcf-4cd7-b0f8-a9cd920e5548",
    "countryName": "Greenland",
    "countryCode": "GL",
    "countryCode3": "GRL",
    "capital": "Nuuk",
    "continentCode": "NA",
    "area": 21660860,
    "population": 56375,
    "lat": 71.706936,
    "lng": -42.604303,
    "currencyCode": "DKK",
    "currencyName": "Danish Krone",
    "languages": "kl,da-GL,en"
  },
  {
    "countryId": "40381630-dab5-4fb4-919b-224eeedab4a8",
    "countryName": "Gambia",
    "countryCode": "GM",
    "countryCode3": "GMB",
    "capital": "Banjul",
    "continentCode": "AF",
    "area": 113000,
    "population": 1593256,
    "lat": 13.443182,
    "lng": -15.310139,
    "currencyCode": "GMD",
    "currencyName": "Dalasi",
    "languages": "en-GM,mnk,wof,wo,ff"
  },
  {
    "countryId": "390d6cff-abfc-4060-9829-9789bc4c67c8",
    "countryName": "Guinea",
    "countryCode": "GN",
    "countryCode3": "GIN",
    "capital": "Conakry",
    "continentCode": "AF",
    "area": 2458570,
    "population": 10324025,
    "lat": 9.945587,
    "lng": -9.696645,
    "currencyCode": "GNF",
    "currencyName": "Guinea Franc",
    "languages": "fr-GN"
  },
  {
    "countryId": "9beff47d-f297-4a0c-ac23-6e9a8411a706",
    "countryName": "Guadeloupe",
    "countryCode": "GP",
    "countryCode3": "GLP",
    "capital": "Basse-Terre",
    "continentCode": "NA",
    "area": 17800,
    "population": 443000,
    "lat": 16.995971,
    "lng": -62.067641,
    "currencyCode": "EUR",
    "currencyName": "Euro",
    "languages": "fr-GP"
  },
  {
    "countryId": "b0f4999b-c322-428c-8df2-0003cfc84e71",
    "countryName": "Equatorial Guinea",
    "countryCode": "GQ",
    "countryCode3": "GNQ",
    "capital": "Malabo",
    "continentCode": "AF",
    "area": 280510,
    "population": 1014999,
    "lat": 1.650801,
    "lng": 10.267895,
    "currencyCode": "XAF",
    "currencyName": "CFA Franc BEAC",
    "languages": "es-GQ,fr"
  },
  {
    "countryId": "57a87747-5bc1-4654-96b0-4d6cea24e473",
    "countryName": "Greece",
    "countryCode": "GR",
    "countryCode3": "GRC",
    "capital": "Athens",
    "continentCode": "EU",
    "area": 1319400,
    "population": 11000000,
    "lat": 39.074208,
    "lng": 21.824312,
    "currencyCode": "EUR",
    "currencyName": "Euro",
    "languages": "el-GR,en,fr"
  },
  {
    "countryId": "d3eee5d8-0f8f-4cc4-aa43-efc2662925ab",
    "countryName": "South Georgia and the South Sandwich Islands",
    "countryCode": "GS",
    "countryCode3": "SGS",
    "capital": "Grytviken",
    "continentCode": "AN",
    "area": 39030,
    "population": 30,
    "lat": -54.429579,
    "lng": -36.587909,
    "currencyCode": "",
    "currencyName": "",
    "languages": "en"
  },
  {
    "countryId": "73d62d33-3cd1-4b66-92eb-5234f2e94411",
    "countryName": "Guatemala",
    "countryCode": "GT",
    "countryCode3": "GTM",
    "capital": "Guatemala City",
    "continentCode": "NA",
    "area": 1088900,
    "population": 13550440,
    "lat": 15.783471,
    "lng": -90.230759,
    "currencyCode": "GTQ",
    "currencyName": "Quetzal",
    "languages": "es-GT"
  },
  {
    "countryId": "c1ed4011-6a7f-43ef-a1bf-88d96f7dae70",
    "countryName": "Guam",
    "countryCode": "GU",
    "countryCode3": "GUM",
    "capital": "Hagatna",
    "continentCode": "OC",
    "area": 5490,
    "population": 159358,
    "lat": 13.444304,
    "lng": 144.793731,
    "currencyCode": "USD",
    "currencyName": "US Dollar",
    "languages": "en-GU,ch-GU"
  },
  {
    "countryId": "0ca6b0d1-ba9e-475d-9834-4c7bef7a7aaa",
    "countryName": "Guinea-Bissau",
    "countryCode": "GW",
    "countryCode3": "GNB",
    "capital": "Bissau",
    "continentCode": "AF",
    "area": 361200,
    "population": 1565126,
    "lat": 11.803749,
    "lng": -15.180413,
    "currencyCode": "XOF",
    "currencyName": "CFA Franc BCEAO",
    "languages": "pt-GW,pov"
  },
  {
    "countryId": "dfb1fd99-bbde-4aba-8069-399b2f81a31d",
    "countryName": "Guyana",
    "countryCode": "GY",
    "countryCode3": "GUY",
    "capital": "Georgetown",
    "continentCode": "SA",
    "area": 2149700,
    "population": 748486,
    "lat": 4.860416,
    "lng": -58.93018,
    "currencyCode": "GYD",
    "currencyName": "Guyana Dollar",
    "languages": "en-GY"
  },
  {
    "countryId": "c680d0e1-0515-486a-8d5e-9087a805bf9c",
    "countryName": "Hong Kong",
    "countryCode": "HK",
    "countryCode3": "HKG",
    "capital": "Hong Kong",
    "continentCode": "AS",
    "area": 10920,
    "population": 6898686,
    "lat": 22.396428,
    "lng": 114.109497,
    "currencyCode": "",
    "currencyName": "",
    "languages": "zh-HK,yue,zh,en"
  },
  {
    "countryId": "638078f0-467e-45ba-b9c9-7909e1ecea3f",
    "countryName": "Heard Island and McDonald Islands",
    "countryCode": "HM",
    "countryCode3": "HMD",
    "capital": "",
    "continentCode": "AN",
    "area": 4120,
    "population": 0,
    "lat": -53.08181,
    "lng": 73.504158,
    "currencyCode": "",
    "currencyName": "",
    "languages": ""
  },
  {
    "countryId": "9d7b44a9-6fcb-45c2-b96b-aaf8b0e53aae",
    "countryName": "Honduras",
    "countryCode": "HN",
    "countryCode3": "HND",
    "capital": "Tegucigalpa",
    "continentCode": "NA",
    "area": 1120900,
    "population": 7989415,
    "lat": 15.199999,
    "lng": -86.241905,
    "currencyCode": "HNL",
    "currencyName": "Lempira",
    "languages": "es-HN"
  },
  {
    "countryId": "11298287-e1c9-4595-8db1-396a3f087fa5",
    "countryName": "Croatia",
    "countryCode": "HR",
    "countryCode3": "HRV",
    "capital": "Zagreb",
    "continentCode": "EU",
    "area": 565420,
    "population": 4284889,
    "lat": 45.1,
    "lng": 15.2,
    "currencyCode": "HRK",
    "currencyName": "Croatian Kuna",
    "languages": "hr-HR,sr"
  },
  {
    "countryId": "ee0ddde5-8ca6-4ca4-b00f-7656d006dcf1",
    "countryName": "Haiti",
    "countryCode": "HT",
    "countryCode3": "HTI",
    "capital": "Port-au-Prince",
    "continentCode": "NA",
    "area": 277500,
    "population": 9648924,
    "lat": 18.971187,
    "lng": -72.285215,
    "currencyCode": "USD",
    "currencyName": "US Dollar",
    "languages": "ht,fr-HT"
  },
  {
    "countryId": "01cbe6c6-855f-4900-a1f1-084a8fb8bf1f",
    "countryName": "Hungary",
    "countryCode": "HU",
    "countryCode3": "HUN",
    "capital": "Budapest",
    "continentCode": "EU",
    "area": 930300,
    "population": 9982000,
    "lat": 47.162494,
    "lng": 19.503304,
    "currencyCode": "HUF",
    "currencyName": "Forint",
    "languages": "hu-HU"
  },
  {
    "countryId": "fdece1eb-f9f3-4b24-97c5-67cfd0e1fe42",
    "countryName": "Indonesia",
    "countryCode": "countryId",
    "countryCode3": "IDN",
    "capital": "Jakarta",
    "continentCode": "AS",
    "area": 19194400,
    "population": 242968342,
    "lat": -0.789275,
    "lng": 113.921327,
    "currencyCode": "IDR",
    "currencyName": "Rupiah",
    "languages": "id,en,nl,jv"
  },
  {
    "countryId": "65a109f2-70e6-4e2c-a61c-1675fdcde66b",
    "countryName": "Ireland",
    "countryCode": "IE",
    "countryCode3": "IRL",
    "capital": "Dublin",
    "continentCode": "EU",
    "area": 702800,
    "population": 4622917,
    "lat": 53.41291,
    "lng": -8.24389,
    "currencyCode": "EUR",
    "currencyName": "Euro",
    "languages": "en-IE,ga-IE"
  },
  {
    "countryId": "92471e97-811d-4b13-9cde-26bf924d8522",
    "countryName": "Israel",
    "countryCode": "IL",
    "countryCode3": "ISR",
    "capital": "Jerusalem",
    "continentCode": "AS",
    "area": 207700,
    "population": 7353985,
    "lat": 31.046051,
    "lng": 34.851612,
    "currencyCode": "ILS",
    "currencyName": "New Israeli Sheqel",
    "languages": "he,ar-IL,en-IL,"
  },
  {
    "countryId": "ee9d4f04-a631-472d-9e5f-3f5992742546",
    "countryName": "Isle of Man",
    "countryCode": "IM",
    "countryCode3": "IMN",
    "capital": "Douglas",
    "continentCode": "EU",
    "area": 5720,
    "population": 75049,
    "lat": 54.236107,
    "lng": -4.548056,
    "currencyCode": "GBP",
    "currencyName": "Pound Sterling",
    "languages": "en,gv"
  },
  {
    "countryId": "a94c6b9b-ddc6-4359-81a0-35c7eecd7720",
    "countryName": "India",
    "countryCode": "IN",
    "countryCode3": "IND",
    "capital": "New Delhi",
    "continentCode": "AS",
    "area": 32875900,
    "population": 1173108018,
    "lat": 20.593684,
    "lng": 78.96288,
    "currencyCode": "INR",
    "currencyName": "Indian Rupee",
    "languages": "en-IN,hi,bn,te,mr,ta,ur,gu,kn,ml,or,pa,as,bh,sat,ks,ne,sd,kok,doi,mni,sit,sa,fr,lus,inc"
  },
  {
    "countryId": "8c0ac160-9b8b-4a81-95ce-06b147765a89",
    "countryName": "British Indian Ocean Territory",
    "countryCode": "IO",
    "countryCode3": "IOT",
    "capital": "Diego Garcia",
    "continentCode": "AS",
    "area": 600,
    "population": 4000,
    "lat": -6.343194,
    "lng": 71.876519,
    "currencyCode": "",
    "currencyName": "",
    "languages": "en-IO"
  },
  {
    "countryId": "802ea163-daa3-440b-ab26-ed27642bec30",
    "countryName": "Iraq",
    "countryCode": "IQ",
    "countryCode3": "IRQ",
    "capital": "Baghdad",
    "continentCode": "AS",
    "area": 4370720,
    "population": 29671605,
    "lat": 33.223191,
    "lng": 43.679291,
    "currencyCode": "IQD",
    "currencyName": "Iraqi Dinar",
    "languages": "ar-IQ,ku,hy"
  },
  {
    "countryId": "3f2bac83-986e-40b2-a7e6-1111a8fe5877",
    "countryName": "Iran",
    "countryCode": "IR",
    "countryCode3": "IRN",
    "capital": "Tehran",
    "continentCode": "AS",
    "area": 16480000,
    "population": 76923300,
    "lat": 32.427908,
    "lng": 53.688046,
    "currencyCode": "IRR",
    "currencyName": "Iranian Rial",
    "languages": "fa-IR,ku"
  },
  {
    "countryId": "dc9d7409-6654-4c6b-9bb7-b2147971501e",
    "countryName": "Iceland",
    "countryCode": "IS",
    "countryCode3": "ISL",
    "capital": "Reykjavik",
    "continentCode": "EU",
    "area": 1030000,
    "population": 308910,
    "lat": 64.963051,
    "lng": -19.020835,
    "currencyCode": "ISK",
    "currencyName": "Iceland Krona",
    "languages": "is,en,de,da,sv,no"
  },
  {
    "countryId": "117832de-f229-4506-a03b-16e00f275ba9",
    "countryName": "Italy",
    "countryCode": "IT",
    "countryCode3": "ITA",
    "capital": "Rome",
    "continentCode": "EU",
    "area": 3012300,
    "population": 60340328,
    "lat": 41.87194,
    "lng": 12.56738,
    "currencyCode": "EUR",
    "currencyName": "Euro",
    "languages": "it-IT,de-IT,fr-IT,sc,ca,co,sl"
  },
  {
    "countryId": "ca7306e6-2ee3-40bb-b9b9-f9078b982005",
    "countryName": "Jersey",
    "countryCode": "JE",
    "countryCode3": "JEY",
    "capital": "Saint Helier",
    "continentCode": "EU",
    "area": 1160,
    "population": 90812,
    "lat": 49.214439,
    "lng": -2.13125,
    "currencyCode": "GBP",
    "currencyName": "Pound Sterling",
    "languages": "en,pt"
  },
  {
    "countryId": "cf750620-278f-4e2a-9364-875a487fcf32",
    "countryName": "Jamaica",
    "countryCode": "JM",
    "countryCode3": "JAM",
    "capital": "Kingston",
    "continentCode": "NA",
    "area": 109910,
    "population": 2847232,
    "lat": 18.109581,
    "lng": -77.297508,
    "currencyCode": "JMD",
    "currencyName": "Jamaican Dollar",
    "languages": "en-JM"
  },
  {
    "countryId": "43803c89-7faa-428d-9d22-1b0b77297741",
    "countryName": "Jordan",
    "countryCode": "JO",
    "countryCode3": "JOR",
    "capital": "Amman",
    "continentCode": "AS",
    "area": 923000,
    "population": 6407085,
    "lat": 30.585164,
    "lng": 36.238414,
    "currencyCode": "JOD",
    "currencyName": "Jordanian Dinar",
    "languages": "ar-JO,en"
  },
  {
    "countryId": "e0742229-7f82-463c-a89e-15980e9b997d",
    "countryName": "Japan",
    "countryCode": "JP",
    "countryCode3": "JPN",
    "capital": "Tokyo",
    "continentCode": "AS",
    "area": 3778350,
    "population": 127288000,
    "lat": 36.204824,
    "lng": 138.252924,
    "currencyCode": "JPY",
    "currencyName": "Yen",
    "languages": "ja"
  },
  {
    "countryId": "0fa85535-7e99-4245-b0f0-60153b8db16d",
    "countryName": "Kenya",
    "countryCode": "KE",
    "countryCode3": "KEN",
    "capital": "Nairobi",
    "continentCode": "AF",
    "area": 5826500,
    "population": 40046566,
    "lat": -0.023559,
    "lng": 37.906193,
    "currencyCode": "KES",
    "currencyName": "Kenyan Shilling",
    "languages": "en-KE,sw-KE"
  },
  {
    "countryId": "787dfe40-8787-4858-8459-508a0977e258",
    "countryName": "Kyrgyzstan",
    "countryCode": "KG",
    "countryCode3": "KGZ",
    "capital": "Bishkek",
    "continentCode": "AS",
    "area": 1985000,
    "population": 5776500,
    "lat": 41.20438,
    "lng": 74.766098,
    "currencyCode": "KGS",
    "currencyName": "Som",
    "languages": "ky,uz,ru"
  },
  {
    "countryId": "0c9d22c0-1e2d-4bcc-9fc7-ebadc4f45479",
    "countryName": "Cambodia",
    "countryCode": "KH",
    "countryCode3": "KHM",
    "capital": "Phnom Penh",
    "continentCode": "AS",
    "area": 1810400,
    "population": 14453680,
    "lat": 12.565679,
    "lng": 104.990963,
    "currencyCode": "KHR",
    "currencyName": "Riel",
    "languages": "km,fr,en"
  },
  {
    "countryId": "5a8a3627-861b-4cae-9eb0-50e82c4d7023",
    "countryName": "Kiribati",
    "countryCode": "KI",
    "countryCode3": "KIR",
    "capital": "Tarawa",
    "continentCode": "OC",
    "area": 8110,
    "population": 92533,
    "lat": -3.370417,
    "lng": -168.734039,
    "currencyCode": "AUD",
    "currencyName": "Australian Dollar",
    "languages": "en-KI,gil"
  },
  {
    "countryId": "c107e497-b1e5-479e-bc51-e1c7d01ab514",
    "countryName": "Comoros",
    "countryCode": "KM",
    "countryCode3": "COM",
    "capital": "Moroni",
    "continentCode": "AF",
    "area": 21700,
    "population": 773407,
    "lat": -11.875001,
    "lng": 43.872219,
    "currencyCode": "KMF",
    "currencyName": "Comoro Franc",
    "languages": "ar,fr-KM"
  },
  {
    "countryId": "16c287fd-51fe-4e3f-8dcb-f5b028490187",
    "countryName": "Saint Kitts and Nevis",
    "countryCode": "KN",
    "countryCode3": "KNA",
    "capital": "Basseterre",
    "continentCode": "NA",
    "area": 2610,
    "population": 51134,
    "lat": 17.357822,
    "lng": -62.782998,
    "currencyCode": "XCD",
    "currencyName": "East Caribbean Dollar",
    "languages": "en-KN"
  },
  {
    "countryId": "b13acdc9-8925-490f-9f3b-faefffd2ca26",
    "countryName": "North Korea",
    "countryCode": "KP",
    "countryCode3": "PRK",
    "capital": "Pyongyang",
    "continentCode": "AS",
    "area": 1205400,
    "population": 22912177,
    "lat": 40.339852,
    "lng": 127.510093,
    "currencyCode": "KPW",
    "currencyName": "North Korean Won",
    "languages": "ko-KP"
  },
  {
    "countryId": "226cbf38-1884-4b10-b8fd-c4039985f6a7",
    "countryName": "South Korea",
    "countryCode": "KR",
    "countryCode3": "KOR",
    "capital": "Seoul",
    "continentCode": "AS",
    "area": 984800,
    "population": 48422644,
    "lat": 35.907757,
    "lng": 127.766922,
    "currencyCode": "KRW",
    "currencyName": "Won",
    "languages": "ko-KR,en"
  },
  {
    "countryId": "4d176ba9-3057-4d86-9e35-15f6cf935c55",
    "countryName": "Kuwait",
    "countryCode": "KW",
    "countryCode3": "KWT",
    "capital": "Kuwait City",
    "continentCode": "AS",
    "area": 178200,
    "population": 2789132,
    "lat": 29.31166,
    "lng": 47.481766,
    "currencyCode": "KWD",
    "currencyName": "Kuwaiti Dinar",
    "languages": "ar-KW,en"
  },
  {
    "countryId": "2176bc46-8b88-4b51-9294-923feb4359eb",
    "countryName": "Cayman Islands",
    "countryCode": "KY",
    "countryCode3": "CYM",
    "capital": "George Town",
    "continentCode": "NA",
    "area": 2620,
    "population": 44270,
    "lat": 19.513469,
    "lng": -80.566956,
    "currencyCode": "KYD",
    "currencyName": "Cayman Islands Dollar",
    "languages": "en-KY"
  },
  {
    "countryId": "83c62568-8c00-4378-9d5b-5206ea86c1f1",
    "countryName": "Kazakhstan",
    "countryCode": "KZ",
    "countryCode3": "KAZ",
    "capital": "Nur-Sultan",
    "continentCode": "AS",
    "area": 27173000,
    "population": 15340000,
    "lat": 48.019573,
    "lng": 66.923684,
    "currencyCode": "KZT",
    "currencyName": "Tenge",
    "languages": "kk,ru"
  },
  {
    "countryId": "05097952-1cc8-4a59-93a8-16bd9ceabb31",
    "countryName": "Laos",
    "countryCode": "LA",
    "countryCode3": "LAO",
    "capital": "Vientiane",
    "continentCode": "AS",
    "area": 2368000,
    "population": 6368162,
    "lat": 19.85627,
    "lng": 102.495496,
    "currencyCode": "LAK",
    "currencyName": "Kip",
    "languages": "lo,fr,en"
  },
  {
    "countryId": "e80c8803-c85f-4f74-8d5c-825cdac9cf26",
    "countryName": "Lebanon",
    "countryCode": "LB",
    "countryCode3": "LBN",
    "capital": "Beirut",
    "continentCode": "AS",
    "area": 104000,
    "population": 4125247,
    "lat": 33.854721,
    "lng": 35.862285,
    "currencyCode": "LBP",
    "currencyName": "Lebanese Pound",
    "languages": "ar-LB,fr-LB,en,hy"
  },
  {
    "countryId": "4ed1a8d2-6e7c-4981-a9b6-1e375512197b",
    "countryName": "Saint Lucia",
    "countryCode": "LC",
    "countryCode3": "LCA",
    "capital": "Castries",
    "continentCode": "NA",
    "area": 6160,
    "population": 160922,
    "lat": 13.909444,
    "lng": -60.978893,
    "currencyCode": "XCD",
    "currencyName": "East Caribbean Dollar",
    "languages": "en-LC"
  },
  {
    "countryId": "b6ce7176-51c5-4c2d-8b8e-378fda035bbf",
    "countryName": "Liechtenstein",
    "countryCode": "LI",
    "countryCode3": "LIE",
    "capital": "Vaduz",
    "continentCode": "EU",
    "area": 1600,
    "population": 35000,
    "lat": 47.166,
    "lng": 9.555373,
    "currencyCode": "CHF",
    "currencyName": "Swiss Franc",
    "languages": "de-LI"
  },
  {
    "countryId": "6afa9f16-7581-4885-b355-22bb6038e22f",
    "countryName": "Sri Lanka",
    "countryCode": "LK",
    "countryCode3": "LKA",
    "capital": "Colombo",
    "continentCode": "AS",
    "area": 656100,
    "population": 21513990,
    "lat": 7.873054,
    "lng": 80.771797,
    "currencyCode": "LKR",
    "currencyName": "Sri Lanka Rupee",
    "languages": "si,ta,en"
  },
  {
    "countryId": "9378d29b-6387-4655-838b-8752cee07bb5",
    "countryName": "Liberia",
    "countryCode": "LR",
    "countryCode3": "LBR",
    "capital": "Monrovia",
    "continentCode": "AF",
    "area": 1113700,
    "population": 3685076,
    "lat": 6.428055,
    "lng": -9.429499,
    "currencyCode": "LRD",
    "currencyName": "Liberian Dollar",
    "languages": "en-LR"
  },
  {
    "countryId": "17bd3e33-f557-4592-ad81-e90de784cd31",
    "countryName": "Lesotho",
    "countryCode": "LS",
    "countryCode3": "LSO",
    "capital": "Maseru",
    "continentCode": "AF",
    "area": 303550,
    "population": 1919552,
    "lat": -29.609988,
    "lng": 28.233608,
    "currencyCode": "ZAR",
    "currencyName": "Rand",
    "languages": "en-LS,st,zu,xh"
  },
  {
    "countryId": "3324b7e1-35b3-48e3-b7a6-e7a2331c92f1",
    "countryName": "Lithuania",
    "countryCode": "LT",
    "countryCode3": "LTU",
    "capital": "Vilnius",
    "continentCode": "EU",
    "area": 652000,
    "population": 2944459,
    "lat": 55.169438,
    "lng": 23.881275,
    "currencyCode": "EUR",
    "currencyName": "Euro",
    "languages": "lt,ru,pl"
  },
  {
    "countryId": "93ea5ea7-ba36-402c-a486-01da30a06835",
    "countryName": "Luxembourg",
    "countryCode": "LU",
    "countryCode3": "LUX",
    "capital": "Luxembourg",
    "continentCode": "EU",
    "area": 25860,
    "population": 497538,
    "lat": 49.815273,
    "lng": 6.129583,
    "currencyCode": "EUR",
    "currencyName": "Euro",
    "languages": "lb,de-LU,fr-LU"
  },
  {
    "countryId": "fbce4413-b60d-4674-8dac-1d0f02598fcd",
    "countryName": "Latvia",
    "countryCode": "LV",
    "countryCode3": "LVA",
    "capital": "Riga",
    "continentCode": "EU",
    "area": 645890,
    "population": 2217969,
    "lat": 56.879635,
    "lng": 24.603189,
    "currencyCode": "EUR",
    "currencyName": "Euro",
    "languages": "lv,ru,lt"
  },
  {
    "countryId": "e83ad265-905f-4a5e-8d1f-08dc07681916",
    "countryName": "Libya",
    "countryCode": "LY",
    "countryCode3": "LBY",
    "capital": "Tripoli",
    "continentCode": "AF",
    "area": 17595400,
    "population": 6461454,
    "lat": 26.3351,
    "lng": 17.228331,
    "currencyCode": "LYD",
    "currencyName": "Libyan Dinar",
    "languages": "ar-LY,it,en"
  },
  {
    "countryId": "104753f1-a740-4442-8911-4846851c2702",
    "countryName": "Morocco",
    "countryCode": "MA",
    "countryCode3": "MAR",
    "capital": "Rabat",
    "continentCode": "AF",
    "area": 4465500,
    "population": 33848242,
    "lat": 31.791702,
    "lng": -7.09262,
    "currencyCode": "MAD",
    "currencyName": "Moroccan Dirham",
    "languages": "ar-MA,ber,fr"
  },
  {
    "countryId": "325446de-bb2d-41ca-8836-5b28cfc4aa63",
    "countryName": "Monaco",
    "countryCode": "MC",
    "countryCode3": "MCO",
    "capital": "Monaco",
    "continentCode": "EU",
    "area": 19,
    "population": 32965,
    "lat": 43.750298,
    "lng": 7.412841,
    "currencyCode": "EUR",
    "currencyName": "Euro",
    "languages": "fr-MC,en,it"
  },
  {
    "countryId": "ac95873a-5083-4cc4-a3d6-52ab8cc0d236",
    "countryName": "Moldova",
    "countryCode": "MD",
    "countryCode3": "MDA",
    "capital": "Chisinau",
    "continentCode": "EU",
    "area": 338430,
    "population": 4324000,
    "lat": 47.411631,
    "lng": 28.369885,
    "currencyCode": "MDL",
    "currencyName": "Moldovan Leu",
    "languages": "ro,ru,gag,tr"
  },
  {
    "countryId": "ac74236b-d58e-4f50-91be-077265ef063d",
    "countryName": "Montenegro",
    "countryCode": "ME",
    "countryCode3": "MNE",
    "capital": "Podgorica",
    "continentCode": "EU",
    "area": 140260,
    "population": 666730,
    "lat": 42.708678,
    "lng": 19.37439,
    "currencyCode": "EUR",
    "currencyName": "Euro",
    "languages": "sr,hu,bs,sq,hr,rom"
  },
  {
    "countryId": "9a87f7b6-4cdd-4052-b320-910339ca01bb",
    "countryName": "Madagascar",
    "countryCode": "MG",
    "countryCode3": "MDG",
    "capital": "Antananarivo",
    "continentCode": "AF",
    "area": 5870400,
    "population": 21281844,
    "lat": -18.766947,
    "lng": 46.869107,
    "currencyCode": "MGA",
    "currencyName": "Malagasy Ariary",
    "languages": "fr-MG,mg"
  },
  {
    "countryId": "a8c5f215-135d-4f61-bf9d-cb4aac7528d1",
    "countryName": "Marshall Islands",
    "countryCode": "MH",
    "countryCode3": "MHL",
    "capital": "Majuro",
    "continentCode": "OC",
    "area": 1813,
    "population": 65859,
    "lat": 7.131474,
    "lng": 171.184478,
    "currencyCode": "USD",
    "currencyName": "US Dollar",
    "languages": "mh,en-MH"
  },
  {
    "countryId": "9654f430-a6df-47a7-bf10-d89a9a91eb05",
    "countryName": "North Macedonia",
    "countryCode": "MK",
    "countryCode3": "MKD",
    "capital": "Skopje",
    "continentCode": "EU",
    "area": 253330,
    "population": 2062294,
    "lat": 41.608635,
    "lng": 21.745275,
    "currencyCode": "MKD",
    "currencyName": "Denar",
    "languages": "mk,sq,tr,rmm,sr"
  },
  {
    "countryId": "c33468d9-5873-4524-83f9-4efad0d98712",
    "countryName": "Mali",
    "countryCode": "ML",
    "countryCode3": "MLI",
    "capital": "Bamako",
    "continentCode": "AF",
    "area": 12400000,
    "population": 13796354,
    "lat": 17.570692,
    "lng": -3.996166,
    "currencyCode": "XOF",
    "currencyName": "CFA Franc BCEAO",
    "languages": "fr-ML,bm"
  },
  {
    "countryId": "1c55bb8d-7d38-4f84-8515-e59af0eeffea",
    "countryName": "Myanmar [Burma]",
    "countryCode": "MM",
    "countryCode3": "MMR",
    "capital": "Nay Pyi Taw",
    "continentCode": "AS",
    "area": 6785000,
    "population": 53414374,
    "lat": 21.913965,
    "lng": 95.956223,
    "currencyCode": "MMK",
    "currencyName": "Kyat",
    "languages": "my"
  },
  {
    "countryId": "2ed969bb-eaed-4193-be81-6b5dc120bd49",
    "countryName": "Mongolia",
    "countryCode": "MN",
    "countryCode3": "MNG",
    "capital": "Ulaanbaatar",
    "continentCode": "AS",
    "area": 15650000,
    "population": 3086918,
    "lat": 46.862496,
    "lng": 103.846656,
    "currencyCode": "MNT",
    "currencyName": "Tugrik",
    "languages": "mn,ru"
  },
  {
    "countryId": "32fe47ee-970c-4d82-be5a-55d295484737",
    "countryName": "Macao",
    "countryCode": "MO",
    "countryCode3": "MAC",
    "capital": "Macao",
    "continentCode": "AS",
    "area": 2540,
    "population": 449198,
    "lat": 22.198745,
    "lng": 113.543873,
    "currencyCode": "MOP",
    "currencyName": "Pataca",
    "languages": "zh,zh-MO,pt"
  },
  {
    "countryId": "f7f70d14-7c93-4873-a51a-22f79327c24b",
    "countryName": "Northern Mariana Islands",
    "countryCode": "MP",
    "countryCode3": "MNP",
    "capital": "Saipan",
    "continentCode": "OC",
    "area": 4770,
    "population": 53883,
    "lat": 17.33083,
    "lng": 145.38469,
    "currencyCode": "USD",
    "currencyName": "US Dollar",
    "languages": "fil,tl,zh,ch-MP,en-MP"
  },
  {
    "countryId": "28be1039-aecd-49f7-bb85-e066056091e0",
    "countryName": "Martinique",
    "countryCode": "MQ",
    "countryCode3": "MTQ",
    "capital": "Fort-de-France",
    "continentCode": "NA",
    "area": 11000,
    "population": 432900,
    "lat": 14.641528,
    "lng": -61.024174,
    "currencyCode": "EUR",
    "currencyName": "Euro",
    "languages": "fr-MQ"
  },
  {
    "countryId": "d321d65a-f0d7-4907-995c-6a8afa53ca18",
    "countryName": "Mauritania",
    "countryCode": "MR",
    "countryCode3": "MRT",
    "capital": "Nouakchott",
    "continentCode": "AF",
    "area": 10307000,
    "population": 3205060,
    "lat": 21.00789,
    "lng": -10.940835,
    "currencyCode": "MRO",
    "currencyName": "Ouguiya",
    "languages": "ar-MR,fuc,snk,fr,mey,wo"
  },
  {
    "countryId": "5ed186dc-c889-4e4a-bc2d-676f7a12a8de",
    "countryName": "Montserrat",
    "countryCode": "MS",
    "countryCode3": "MSR",
    "capital": "Plymouth",
    "continentCode": "NA",
    "area": 1020,
    "population": 9341,
    "lat": 16.742498,
    "lng": -62.187366,
    "currencyCode": "XCD",
    "currencyName": "East Caribbean Dollar",
    "languages": "en-MS"
  },
  {
    "countryId": "93993638-581d-4b36-b39c-746e9b3fe8f0",
    "countryName": "Malta",
    "countryCode": "MT",
    "countryCode3": "MLT",
    "capital": "Valletta",
    "continentCode": "EU",
    "area": 3160,
    "population": 403000,
    "lat": 35.937496,
    "lng": 14.375416,
    "currencyCode": "EUR",
    "currencyName": "Euro",
    "languages": "mt,en-MT"
  },
  {
    "countryId": "73aadf0a-8c78-4573-a172-0f4e5c8a135c",
    "countryName": "Mauritius",
    "countryCode": "MU",
    "countryCode3": "MUS",
    "capital": "Port Louis",
    "continentCode": "AF",
    "area": 20400,
    "population": 1294104,
    "lat": -20.348404,
    "lng": 57.552152,
    "currencyCode": "MUR",
    "currencyName": "Mauritius Rupee",
    "languages": "en-MU,bho,fr"
  },
  {
    "countryId": "48695bfd-444f-40b6-9420-549d7c7e1a1c",
    "countryName": "Maldives",
    "countryCode": "MV",
    "countryCode3": "MDV",
    "capital": "Male",
    "continentCode": "AS",
    "area": 3000,
    "population": 395650,
    "lat": 3.202778,
    "lng": 73.22068,
    "currencyCode": "MVR",
    "currencyName": "Rufiyaa",
    "languages": "dv,en"
  },
  {
    "countryId": "dd39a85b-deee-44a0-9c07-77557aa3361e",
    "countryName": "Malawi",
    "countryCode": "MW",
    "countryCode3": "MWI",
    "capital": "Lilongwe",
    "continentCode": "AF",
    "area": 1184800,
    "population": 17563749,
    "lat": -13.254308,
    "lng": 34.301525,
    "currencyCode": "MWK",
    "currencyName": "Kwacha",
    "languages": "ny,yao,tum,swk"
  },
  {
    "countryId": "4d593154-6b9f-40c1-9f34-a0cdf3cc7815",
    "countryName": "Mexico",
    "countryCode": "MX",
    "countryCode3": "MEX",
    "capital": "Mexico City",
    "continentCode": "NA",
    "area": 19725500,
    "population": 112468855,
    "lat": 23.634501,
    "lng": -102.552784,
    "currencyCode": "MXN",
    "currencyName": "Mexican Peso",
    "languages": "es-MX"
  },
  {
    "countryId": "de3203df-c93f-4ca9-80cd-c2e2d29d9f33",
    "countryName": "Malaysia",
    "countryCode": "MY",
    "countryCode3": "MYS",
    "capital": "Kuala Lumpur",
    "continentCode": "AS",
    "area": 3297500,
    "population": 28274729,
    "lat": 4.210484,
    "lng": 101.975766,
    "currencyCode": "MYR",
    "currencyName": "Malaysian Ringgit",
    "languages": "ms-MY,en,zh,ta,te,ml,pa,th"
  },
  {
    "countryId": "ea8d2539-2e31-41c2-8e90-ba54a877d509",
    "countryName": "Mozambique",
    "countryCode": "MZ",
    "countryCode3": "MOZ",
    "capital": "Maputo",
    "continentCode": "AF",
    "area": 8015900,
    "population": 22061451,
    "lat": -18.665695,
    "lng": 35.529562,
    "currencyCode": "MZN",
    "currencyName": "Mozambique Metical",
    "languages": "pt-MZ,vmw"
  },
  {
    "countryId": "52aeb772-3c58-48db-ae00-27a6aed1539a",
    "countryName": "Namibia",
    "countryCode": "NA",
    "countryCode3": "NAM",
    "capital": "Windhoek",
    "continentCode": "AF",
    "area": 8254180,
    "population": 2128471,
    "lat": -22.95764,
    "lng": 18.49041,
    "currencyCode": "ZAR",
    "currencyName": "Rand",
    "languages": "en-NA,af,de,hz,naq"
  },
  {
    "countryId": "d2368fbc-7ea2-4f19-8128-86c3488e4e94",
    "countryName": "New Caledonia",
    "countryCode": "NC",
    "countryCode3": "NCL",
    "capital": "Noumea",
    "continentCode": "OC",
    "area": 190600,
    "population": 216494,
    "lat": -20.904305,
    "lng": 165.618042,
    "currencyCode": "XPF",
    "currencyName": "CFP Franc",
    "languages": "fr-NC"
  },
  {
    "countryId": "1944848a-bf07-442f-a51b-da7b4849b17f",
    "countryName": "Niger",
    "countryCode": "NE",
    "countryCode3": "NER",
    "capital": "Niamey",
    "continentCode": "AF",
    "area": 12670000,
    "population": 15878271,
    "lat": 17.607789,
    "lng": 8.081666,
    "currencyCode": "XOF",
    "currencyName": "CFA Franc BCEAO",
    "languages": "fr-NE,ha,kr,dje"
  },
  {
    "countryId": "ad412aaf-f5be-4c19-9187-11b5697402bb",
    "countryName": "Norfolk Island",
    "countryCode": "NF",
    "countryCode3": "NFK",
    "capital": "Kingston",
    "continentCode": "OC",
    "area": 346,
    "population": 1828,
    "lat": -29.040835,
    "lng": 167.954712,
    "currencyCode": "AUD",
    "currencyName": "Australian Dollar",
    "languages": "en-NF"
  },
  {
    "countryId": "e309c275-a1a7-420a-83a7-558fe834c1c3",
    "countryName": "Nigeria",
    "countryCode": "NG",
    "countryCode3": "NGA",
    "capital": "Abuja",
    "continentCode": "AF",
    "area": 9237680,
    "population": 154000000,
    "lat": 9.081999,
    "lng": 8.675277,
    "currencyCode": "NGN",
    "currencyName": "Naira",
    "languages": "en-NG,ha,yo,ig,ff"
  },
  {
    "countryId": "d045c0b5-0f2a-41e5-9885-62c29440b1cc",
    "countryName": "Nicaragua",
    "countryCode": "NI",
    "countryCode3": "NIC",
    "capital": "Managua",
    "continentCode": "NA",
    "area": 1294940,
    "population": 5995928,
    "lat": 12.865416,
    "lng": -85.207229,
    "currencyCode": "NIO",
    "currencyName": "Cordoba Oro",
    "languages": "es-NI,en"
  },
  {
    "countryId": "df7dc4ec-a9c3-4d36-af25-e698fc3f2596",
    "countryName": "Netherlands",
    "countryCode": "NL",
    "countryCode3": "NLD",
    "capital": "Amsterdam",
    "continentCode": "EU",
    "area": 415260,
    "population": 16645000,
    "lat": 52.132633,
    "lng": 5.291266,
    "currencyCode": "EUR",
    "currencyName": "Euro",
    "languages": "nl-NL,fy-NL"
  },
  {
    "countryId": "3574234b-b6f1-4b5c-aef4-06d4c6459270",
    "countryName": "Norway",
    "countryCode": "NO",
    "countryCode3": "NOR",
    "capital": "Oslo",
    "continentCode": "EU",
    "area": 3242200,
    "population": 5009150,
    "lat": 60.472024,
    "lng": 8.468946,
    "currencyCode": "NOK",
    "currencyName": "Norwegian Krone",
    "languages": "no,nb,nn,se,fi"
  },
  {
    "countryId": "800bedfe-64fa-4409-9b3e-fb987b7bf55d",
    "countryName": "Nepal",
    "countryCode": "NP",
    "countryCode3": "NPL",
    "capital": "Kathmandu",
    "continentCode": "AS",
    "area": 1408000,
    "population": 28951852,
    "lat": 28.394857,
    "lng": 84.124008,
    "currencyCode": "NPR",
    "currencyName": "Nepalese Rupee",
    "languages": "ne,en"
  },
  {
    "countryId": "4cbb5de6-b694-421e-8701-a98e0eeca00b",
    "countryName": "Nauru",
    "countryCode": "NR",
    "countryCode3": "NRU",
    "capital": "Yaren",
    "continentCode": "OC",
    "area": 210,
    "population": 10065,
    "lat": -0.522778,
    "lng": 166.931503,
    "currencyCode": "AUD",
    "currencyName": "Australian Dollar",
    "languages": "na,en-NR"
  },
  {
    "countryId": "e83c24b7-b312-4cdb-a43d-9fbf2eeeba73",
    "countryName": "Niue",
    "countryCode": "NU",
    "countryCode3": "NIU",
    "capital": "Alofi",
    "continentCode": "OC",
    "area": 2600,
    "population": 2166,
    "lat": -19.054445,
    "lng": -169.867233,
    "currencyCode": "NZD",
    "currencyName": "New Zealand Dollar",
    "languages": "niu,en-NU"
  },
  {
    "countryId": "e27dace6-a40d-4ea8-9fc1-aad5769caa45",
    "countryName": "New Zealand",
    "countryCode": "NZ",
    "countryCode3": "NZL",
    "capital": "Wellington",
    "continentCode": "OC",
    "area": 2686800,
    "population": 4252277,
    "lat": -40.900557,
    "lng": 174.885971,
    "currencyCode": "NZD",
    "currencyName": "New Zealand Dollar",
    "languages": "en-NZ,mi"
  },
  {
    "countryId": "8875ee42-cd24-4cb4-ae27-0a135def4248",
    "countryName": "Oman",
    "countryCode": "OM",
    "countryCode3": "OMN",
    "capital": "Muscat",
    "continentCode": "AS",
    "area": 2124600,
    "population": 2967717,
    "lat": 21.512583,
    "lng": 55.923255,
    "currencyCode": "OMR",
    "currencyName": "Rial Omani",
    "languages": "ar-OM,en,bal,ur"
  },
  {
    "countryId": "1aee6629-ee74-4a64-83a4-cc1e7e5e9e0b",
    "countryName": "Andorra",
    "countryCode": "AD",
    "countryCode3": "AND",
    "capital": "Andorra la Vella",
    "continentCode": "EU",
    "area": 4680,
    "population": 84000,
    "lat": 42.546245,
    "lng": 1.601554,
    "currencyCode": "EUR",
    "currencyName": "Euro",
    "languages": "ca"
  },
  {
    "countryId": "8c905aed-7710-4ece-983b-6f5413c353c7",
    "countryName": "United Arab Emirates",
    "countryCode": "AE",
    "countryCode3": "ARE",
    "capital": "Abu Dhabi",
    "continentCode": "AS",
    "area": 828800,
    "population": 4975593,
    "lat": 23.424076,
    "lng": 53.847818,
    "currencyCode": "AED",
    "currencyName": "UAE Dirham",
    "languages": "ar-AE,fa,en,hi,ur"
  },
  {
    "countryId": "d844f5d4-b7c9-418b-b8f6-4aa8a7b52668",
    "countryName": "Afghanistan",
    "countryCode": "AF",
    "countryCode3": "AFG",
    "capital": "Kabul",
    "continentCode": "AS",
    "area": 6475000,
    "population": 29121286,
    "lat": 33.93911,
    "lng": 67.709953,
    "currencyCode": "AFN",
    "currencyName": "Afghani",
    "languages": "fa-AF,ps,uz-AF,tk"
  },
  {
    "countryId": "3b63ab92-080a-4a4e-962a-ca633a615f99",
    "countryName": "Antigua and Barbuda",
    "countryCode": "AG",
    "countryCode3": "ATG",
    "capital": "St. John's",
    "continentCode": "NA",
    "area": 4430,
    "population": 86754,
    "lat": 17.060816,
    "lng": -61.796428,
    "currencyCode": "XCD",
    "currencyName": "East Caribbean Dollar",
    "languages": "en-AG"
  },
  {
    "countryId": "d9ade3fc-ff98-4cae-b392-032a448f2d33",
    "countryName": "Anguilla",
    "countryCode": "AI",
    "countryCode3": "AIA",
    "capital": "The Valley",
    "continentCode": "NA",
    "area": 1020,
    "population": 13254,
    "lat": 18.220554,
    "lng": -63.068615,
    "currencyCode": "XCD",
    "currencyName": "East Caribbean Dollar",
    "languages": "en-AI"
  },
  {
    "countryId": "18b96429-cd90-4380-9fa2-1d3246ad1eec",
    "countryName": "Albania",
    "countryCode": "AL",
    "countryCode3": "ALB",
    "capital": "Tirana",
    "continentCode": "EU",
    "area": 287480,
    "population": 2986952,
    "lat": 41.153332,
    "lng": 20.168331,
    "currencyCode": "ALL",
    "currencyName": "Lek",
    "languages": "sq,el"
  },
  {
    "countryId": "bc099913-682f-4bc0-9529-10aff9151421",
    "countryName": "Armenia",
    "countryCode": "AM",
    "countryCode3": "ARM",
    "capital": "Yerevan",
    "continentCode": "AS",
    "area": 298000,
    "population": 2968000,
    "lat": 40.069099,
    "lng": 45.038189,
    "currencyCode": "AMD",
    "currencyName": "Armenian Dram",
    "languages": "hy"
  },
  {
    "countryId": "a2e6ac86-77ca-4beb-80c9-24b402c817a0",
    "countryName": "Angola",
    "countryCode": "AO",
    "countryCode3": "AGO",
    "capital": "Luanda",
    "continentCode": "AF",
    "area": 12467000,
    "population": 13068161,
    "lat": -11.202692,
    "lng": 17.873887,
    "currencyCode": "AOA",
    "currencyName": "Kwanza",
    "languages": "pt-AO"
  },
  {
    "countryId": "c421ae62-2a85-4df6-bd70-e36172eb54e4",
    "countryName": "Antarctica",
    "countryCode": "AQ",
    "countryCode3": "ATA",
    "capital": "",
    "continentCode": "AN",
    "area": 140000000,
    "population": 0,
    "lat": -75.250973,
    "lng": -0.071389,
    "currencyCode": "",
    "currencyName": "",
    "languages": ""
  },
  {
    "countryId": "13c5b220-1b22-41a3-bed2-c31e751bc83a",
    "countryName": "Argentina",
    "countryCode": "AR",
    "countryCode3": "ARG",
    "capital": "Buenos Aires",
    "continentCode": "SA",
    "area": 27668900,
    "population": 41343201,
    "lat": -38.416097,
    "lng": -63.616672,
    "currencyCode": "ARS",
    "currencyName": "Argentine Peso",
    "languages": "es-AR,en,it,de,fr,gn"
  },
  {
    "countryId": "b298201c-cbcd-4062-923e-2fd71437c768",
    "countryName": "American Samoa",
    "countryCode": "AS",
    "countryCode3": "ASM",
    "capital": "Pago Pago",
    "continentCode": "OC",
    "area": 1990,
    "population": 57881,
    "lat": -14.270972,
    "lng": -170.132217,
    "currencyCode": "USD",
    "currencyName": "US Dollar",
    "languages": "en-AS,sm,to"
  },
  {
    "countryId": "7664a1f2-3717-4f6f-9b1d-b1dfcedc5f4e",
    "countryName": "Panama",
    "countryCode": "PA",
    "countryCode3": "PAN",
    "capital": "Panama City",
    "continentCode": "NA",
    "area": 782000,
    "population": 3410676,
    "lat": 8.537981,
    "lng": -80.782127,
    "currencyCode": "USD",
    "currencyName": "US Dollar",
    "languages": "es-PA,en"
  },
  {
    "countryId": "93354970-2411-49c3-bf35-a93d42a34f16",
    "countryName": "Peru",
    "countryCode": "PE",
    "countryCode3": "PER",
    "capital": "Lima",
    "continentCode": "SA",
    "area": 12852200,
    "population": 29907003,
    "lat": -9.189967,
    "lng": -75.015152,
    "currencyCode": "PEN",
    "currencyName": "Nuevo Sol",
    "languages": "es-PE,qu,ay"
  },
  {
    "countryId": "8ace9d66-d0aa-42d8-bad8-aa40790e6ac7",
    "countryName": "French Polynesia",
    "countryCode": "PF",
    "countryCode3": "PYF",
    "capital": "Papeete",
    "continentCode": "OC",
    "area": 41670,
    "population": 270485,
    "lat": -17.679742,
    "lng": -149.406843,
    "currencyCode": "XPF",
    "currencyName": "CFP Franc",
    "languages": "fr-PF,ty"
  },
  {
    "countryId": "001e4272-6608-4fd3-b7aa-91cffc222012",
    "countryName": "Papua New Guinea",
    "countryCode": "PG",
    "countryCode3": "PNG",
    "capital": "Port Moresby",
    "continentCode": "OC",
    "area": 4628400,
    "population": 6064515,
    "lat": -6.314993,
    "lng": 143.95555,
    "currencyCode": "PGK",
    "currencyName": "Kina",
    "languages": "en-PG,ho,meu,tpi"
  },
  {
    "countryId": "0834d8f8-ee42-4f1e-ac2f-1c84c644b819",
    "countryName": "Philippines",
    "countryCode": "PH",
    "countryCode3": "PHL",
    "capital": "Manila",
    "continentCode": "AS",
    "area": 3000000,
    "population": 99900177,
    "lat": 12.879721,
    "lng": 121.774017,
    "currencyCode": "PHP",
    "currencyName": "Philippine Peso",
    "languages": "tl,en-PH,fil"
  },
  {
    "countryId": "d544715c-32bf-42aa-be6f-1cce39975192",
    "countryName": "Pakistan",
    "countryCode": "PK",
    "countryCode3": "PAK",
    "capital": "Islamabad",
    "continentCode": "AS",
    "area": 8039400,
    "population": 184404791,
    "lat": 30.375321,
    "lng": 69.345116,
    "currencyCode": "PKR",
    "currencyName": "Pakistan Rupee",
    "languages": "ur-PK,en-PK,pa,sd,ps,brh"
  },
  {
    "countryId": "d9182923-2a90-435a-a3a0-6fc1d21f8de1",
    "countryName": "Poland",
    "countryCode": "PL",
    "countryCode3": "POL",
    "capital": "Warsaw",
    "continentCode": "EU",
    "area": 3126850,
    "population": 38500000,
    "lat": 51.919438,
    "lng": 19.145136,
    "currencyCode": "PLN",
    "currencyName": "Zloty",
    "languages": "pl"
  },
  {
    "countryId": "270a81fa-72b9-4223-9ea8-b128f22288ba",
    "countryName": "Saint Pierre and Miquelon",
    "countryCode": "PM",
    "countryCode3": "SPM",
    "capital": "Saint-Pierre",
    "continentCode": "NA",
    "area": 2420,
    "population": 7012,
    "lat": 46.941936,
    "lng": -56.27111,
    "currencyCode": "EUR",
    "currencyName": "Euro",
    "languages": "fr-PM"
  },
  {
    "countryId": "7ace658a-3d57-4fda-b0bb-95aeed4b752a",
    "countryName": "Puerto Rico",
    "countryCode": "PR",
    "countryCode3": "PRI",
    "capital": "San Juan",
    "continentCode": "NA",
    "area": 91040,
    "population": 3916632,
    "lat": 18.220833,
    "lng": -66.590149,
    "currencyCode": "USD",
    "currencyName": "US Dollar",
    "languages": "en-PR,es-PR"
  },
  {
    "countryId": "cd813ccc-4043-4817-895d-7b80adb638b4",
    "countryName": "Palestine",
    "countryCode": "PS",
    "countryCode3": "PSE",
    "capital": "East Jerusalem",
    "continentCode": "AS",
    "area": 59700,
    "population": 3800000,
    "lat": 31.952162,
    "lng": 35.233154,
    "currencyCode": "",
    "currencyName": "No universal currency",
    "languages": "ar-PS"
  },
  {
    "countryId": "cdccd97c-e4bc-4c0a-8865-758c8cb6e3f2",
    "countryName": "Portugal",
    "countryCode": "PT",
    "countryCode3": "PRT",
    "capital": "Lisbon",
    "continentCode": "EU",
    "area": 923910,
    "population": 10676000,
    "lat": 39.399872,
    "lng": -8.224454,
    "currencyCode": "EUR",
    "currencyName": "Euro",
    "languages": "pt-PT,mwl"
  },
  {
    "countryId": "8aaa624d-b522-4db3-b164-42fa4aefd7f5",
    "countryName": "Palau",
    "countryCode": "PW",
    "countryCode3": "PLW",
    "capital": "Melekeok",
    "continentCode": "OC",
    "area": 4580,
    "population": 19907,
    "lat": 7.51498,
    "lng": 134.58252,
    "currencyCode": "USD",
    "currencyName": "US Dollar",
    "languages": "pau,sov,en-PW,tox,ja,fil,zh"
  },
  {
    "countryId": "25d3e16b-82c7-4d91-8562-1caf7e5145e0",
    "countryName": "Paraguay",
    "countryCode": "PY",
    "countryCode3": "PRY",
    "capital": "Asuncion",
    "continentCode": "SA",
    "area": 4067500,
    "population": 6375830,
    "lat": -23.442503,
    "lng": -58.443832,
    "currencyCode": "PYG",
    "currencyName": "Guarani",
    "languages": "es-PY,gn"
  },
  {
    "countryId": "fd018612-ba61-45c8-ad0b-731dcdf895be",
    "countryName": "Qatar",
    "countryCode": "QA",
    "countryCode3": "QAT",
    "capital": "Doha",
    "continentCode": "AS",
    "area": 114370,
    "population": 840926,
    "lat": 25.354826,
    "lng": 51.183884,
    "currencyCode": "QAR",
    "currencyName": "Qatari Rial",
    "languages": "ar-QA,es"
  },
  {
    "countryId": "f17b4efd-4b8a-45b1-a85f-bff31873acbf",
    "countryName": "Romania",
    "countryCode": "RO",
    "countryCode3": "ROU",
    "capital": "Bucharest",
    "continentCode": "EU",
    "area": 2375000,
    "population": 21959278,
    "lat": 45.943161,
    "lng": 24.96676,
    "currencyCode": "RON",
    "currencyName": "New Romanian Leu",
    "languages": "ro,hu,rom"
  },
  {
    "countryId": "a207fccf-22a3-40a0-a4ea-2a66d44c1055",
    "countryName": "Serbia",
    "countryCode": "RS",
    "countryCode3": "SRB",
    "capital": "Belgrade",
    "continentCode": "EU",
    "area": 883610,
    "population": 7344847,
    "lat": 44.016521,
    "lng": 21.005859,
    "currencyCode": "RSD",
    "currencyName": "Serbian Dinar",
    "languages": "sr,hu,bs,rom"
  },
  {
    "countryId": "e35f68f2-618c-4e02-b91b-ff2b71cbe474",
    "countryName": "Russia",
    "countryCode": "RU",
    "countryCode3": "RUS",
    "capital": "Moscow",
    "continentCode": "EU",
    "area": 171000000,
    "population": 140702000,
    "lat": 61.52401,
    "lng": 105.318756,
    "currencyCode": "RUB",
    "currencyName": "Russian Ruble",
    "languages": "ru,tt,xal,cau,ady,kv,ce,tyv,cv,udm,tut,mns,bua,myv,mdf,chm,ba,inh,tut,kbd,krc,ava,sah,nog"
  },
  {
    "countryId": "e3723185-a91b-4a4c-8a39-4bd3647dcd7f",
    "countryName": "Rwanda",
    "countryCode": "RW",
    "countryCode3": "RWA",
    "capital": "Kigali",
    "continentCode": "AF",
    "area": 263380,
    "population": 11055976,
    "lat": -1.940278,
    "lng": 29.873888,
    "currencyCode": "RWF",
    "currencyName": "Rwanda Franc",
    "languages": "rw,en-RW,fr-RW,sw"
  },
  {
    "countryId": "e8cc5bd6-5e75-436f-bd2a-d126fa459709",
    "countryName": "Saudi Arabia",
    "countryCode": "SA",
    "countryCode3": "SAU",
    "capital": "Riyadh",
    "continentCode": "AS",
    "area": 19605820,
    "population": 25731776,
    "lat": 23.885942,
    "lng": 45.079162,
    "currencyCode": "SAR",
    "currencyName": "Saudi Riyal",
    "languages": "ar-SA"
  },
  {
    "countryId": "70b47e36-5c57-45b5-a353-1bf35242964d",
    "countryName": "Solomon Islands",
    "countryCode": "SB",
    "countryCode3": "SLB",
    "capital": "Honiara",
    "continentCode": "OC",
    "area": 284500,
    "population": 559198,
    "lat": -9.64571,
    "lng": 160.156194,
    "currencyCode": "SBD",
    "currencyName": "Solomon Islands Dollar",
    "languages": "en-SB,tpi"
  },
  {
    "countryId": "e59f311e-33de-4eb6-a370-4f52ced1bb04",
    "countryName": "Seychelles",
    "countryCode": "SC",
    "countryCode3": "SYC",
    "capital": "Victoria",
    "continentCode": "AF",
    "area": 4550,
    "population": 88340,
    "lat": -4.679574,
    "lng": 55.491977,
    "currencyCode": "SCR",
    "currencyName": "Seychelles Rupee",
    "languages": "en-SC,fr-SC"
  },
  {
    "countryId": "95413832-7ac5-4c2d-8f54-13c39e360219",
    "countryName": "Sudan",
    "countryCode": "SD",
    "countryCode3": "SDN",
    "capital": "Khartoum",
    "continentCode": "AF",
    "area": 18614840,
    "population": 35000000,
    "lat": 12.862807,
    "lng": 30.217636,
    "currencyCode": "SDG",
    "currencyName": "Sudanese Pound",
    "languages": "ar-SD,en,fia"
  },
  {
    "countryId": "47c242a8-e1e2-4aaf-9ee2-4c9825cc1ede",
    "countryName": "Sweden",
    "countryCode": "SE",
    "countryCode3": "SWE",
    "capital": "Stockholm",
    "continentCode": "EU",
    "area": 4499640,
    "population": 9828655,
    "lat": 60.128161,
    "lng": 18.643501,
    "currencyCode": "SEK",
    "currencyName": "Swedish Krona",
    "languages": "sv-SE,se,sma,fi-SE"
  },
  {
    "countryId": "9517015b-5146-44a6-8224-2dc81953000a",
    "countryName": "Netherlands Antilles",
    "countryCode": "AN",
    "countryCode3": "ANT",
    "capital": "Willemstad",
    "continentCode": "NA",
    "area": 9600,
    "population": 300000,
    "lat": 12.226079,
    "lng": -69.060087,
    "currencyCode": "",
    "currencyName": "",
    "languages": ""
  },
  {
    "countryId": "f53784f2-191a-49e7-88ed-9ac0812021b4",
    "countryName": "Kosovo",
    "countryCode": "XK",
    "countryCode3": "XKX",
    "capital": "Pristina",
    "continentCode": "EU",
    "area": 109080,
    "population": 1800000,
    "lat": 42.602636,
    "lng": 20.902977,
    "currencyCode": "",
    "currencyName": "",
    "languages": ""
  },
  {
    "countryId": "0379c870-10f7-419c-81d2-f205f63382a9",
    "countryName": "Singapore",
    "countryCode": "SG",
    "countryCode3": "SGP",
    "capital": "Singapore",
    "continentCode": "AS",
    "area": 6927,
    "population": 4701069,
    "lat": 1.352083,
    "lng": 103.819836,
    "currencyCode": "SGD",
    "currencyName": "Singapore Dollar",
    "languages": "cmn,en-SG,ms-SG,ta-SG,zh-SG"
  },
  {
    "countryId": "3e17d7d8-6f33-4dcd-bf86-a4442323c6f6",
    "countryName": "Slovenia",
    "countryCode": "SI",
    "countryCode3": "SVN",
    "capital": "Ljubljana",
    "continentCode": "EU",
    "area": 202730,
    "population": 2007000,
    "lat": 46.151241,
    "lng": 14.995463,
    "currencyCode": "EUR",
    "currencyName": "Euro",
    "languages": "sl,sh"
  },
  {
    "countryId": "28d2a22e-8fd4-40ef-8ca8-75e22f11cf93",
    "countryName": "Svalbard and Jan Mayen",
    "countryCode": "SJ",
    "countryCode3": "SJM",
    "capital": "Longyearbyen",
    "continentCode": "EU",
    "area": 620490,
    "population": 2550,
    "lat": 77.553604,
    "lng": 23.670272,
    "currencyCode": "NOK",
    "currencyName": "Norwegian Krone",
    "languages": "no,ru"
  },
  {
    "countryId": "e7ff4fed-4308-4eb7-b1b5-c3c39dddc1d0",
    "countryName": "Slovakia",
    "countryCode": "SK",
    "countryCode3": "SVK",
    "capital": "Bratislava",
    "continentCode": "EU",
    "area": 488450,
    "population": 5455000,
    "lat": 48.669026,
    "lng": 19.699024,
    "currencyCode": "EUR",
    "currencyName": "Euro",
    "languages": "sk,hu"
  },
  {
    "countryId": "66c27fb2-0da9-4ea6-9f63-efcd2e55a3b2",
    "countryName": "Sierra Leone",
    "countryCode": "SL",
    "countryCode3": "SLE",
    "capital": "Freetown",
    "continentCode": "AF",
    "area": 717400,
    "population": 5245695,
    "lat": 8.460555,
    "lng": -11.779889,
    "currencyCode": "SLL",
    "currencyName": "Leone",
    "languages": "en-SL,men,tem"
  },
  {
    "countryId": "c9642fce-a16a-4878-b7ef-19795c24a14d",
    "countryName": "San Marino",
    "countryCode": "SM",
    "countryCode3": "SMR",
    "capital": "San Marino",
    "continentCode": "EU",
    "area": 612,
    "population": 31477,
    "lat": 43.94236,
    "lng": 12.457777,
    "currencyCode": "EUR",
    "currencyName": "Euro",
    "languages": "it-SM"
  },
  {
    "countryId": "aac1bba3-440d-4665-a4de-00fdd6114307",
    "countryName": "Senegal",
    "countryCode": "SN",
    "countryCode3": "SEN",
    "capital": "Dakar",
    "continentCode": "AF",
    "area": 1961900,
    "population": 12323252,
    "lat": 14.497401,
    "lng": -14.452362,
    "currencyCode": "XOF",
    "currencyName": "CFA Franc BCEAO",
    "languages": "fr-SN,wo,fuc,mnk"
  },
  {
    "countryId": "6cc7ee15-8230-4a49-bbaf-e88cd6ad36b0",
    "countryName": "Somalia",
    "countryCode": "SO",
    "countryCode3": "SOM",
    "capital": "Mogadishu",
    "continentCode": "AF",
    "area": 6376570,
    "population": 10112453,
    "lat": 5.152149,
    "lng": 46.199616,
    "currencyCode": "SOS",
    "currencyName": "Somali Shilling",
    "languages": "so-SO,ar-SO,it,en-SO"
  },
  {
    "countryId": "1c30fa7e-99e6-4dd4-8e01-487b2bb38511",
    "countryName": "Suriname",
    "countryCode": "SR",
    "countryCode3": "SUR",
    "capital": "Paramaribo",
    "continentCode": "SA",
    "area": 1632700,
    "population": 492829,
    "lat": 3.919305,
    "lng": -56.027783,
    "currencyCode": "SRD",
    "currencyName": "Surinam Dollar",
    "languages": "nl-SR,en,srn,hns,jv"
  },
  {
    "countryId": "bcfddb9f-0419-4dd5-bb0c-720a6e7d491a",
    "countryName": "So Tom and Prncipe",
    "countryCode": "ST",
    "countryCode3": "STP",
    "capital": "Sao Tome",
    "continentCode": "AF",
    "area": 10010,
    "population": 197700,
    "lat": 0.18636,
    "lng": 6.613081,
    "currencyCode": "STD",
    "currencyName": "Dobra",
    "languages": "pt-ST"
  },
  {
    "countryId": "524ff460-b3c8-4f8a-85cb-efb7c5f39bcc",
    "countryName": "El Salvador",
    "countryCode": "SV",
    "countryCode3": "SLV",
    "capital": "San Salvador",
    "continentCode": "NA",
    "area": 210400,
    "population": 6052064,
    "lat": 13.794185,
    "lng": -88.89653,
    "currencyCode": "USD",
    "currencyName": "US Dollar",
    "languages": "es-SV"
  },
  {
    "countryId": "5057e50b-384a-4f27-a8b9-161a7d48db1d",
    "countryName": "Syria",
    "countryCode": "SY",
    "countryCode3": "SYR",
    "capital": "Damascus",
    "continentCode": "AS",
    "area": 1851800,
    "population": 22198110,
    "lat": 34.802075,
    "lng": 38.996815,
    "currencyCode": "SYP",
    "currencyName": "Syrian Pound",
    "languages": "ar-SY,ku,hy,arc,fr,en"
  },
  {
    "countryId": "aa7dfe2b-0296-46b9-ae51-4425240e99f1",
    "countryName": "Eswatini",
    "countryCode": "SZ",
    "countryCode3": "SWZ",
    "capital": "Mbabane",
    "continentCode": "AF",
    "area": 173630,
    "population": 1354051,
    "lat": -26.522503,
    "lng": 31.465866,
    "currencyCode": "SZL",
    "currencyName": "Lilangeni",
    "languages": "en-SZ,ss-SZ"
  },
  {
    "countryId": "0379d430-de79-4b9b-95ac-222d0fecc263",
    "countryName": "Turks and Caicos Islands",
    "countryCode": "TC",
    "countryCode3": "TCA",
    "capital": "Cockburn Town",
    "continentCode": "NA",
    "area": 4300,
    "population": 20556,
    "lat": 21.694025,
    "lng": -71.797928,
    "currencyCode": "USD",
    "currencyName": "US Dollar",
    "languages": "en-TC"
  },
  {
    "countryId": "f1a1938c-b3ab-4245-8064-4c70d7249798",
    "countryName": "Chad",
    "countryCode": "TD",
    "countryCode3": "TCD",
    "capital": "N'Djamena",
    "continentCode": "AF",
    "area": 12840000,
    "population": 10543464,
    "lat": 15.454166,
    "lng": 18.732207,
    "currencyCode": "XAF",
    "currencyName": "CFA Franc BEAC",
    "languages": "fr-TD,ar-TD,sre"
  },
  {
    "countryId": "5f40c992-4696-4f7f-9e97-8ed8678937d9",
    "countryName": "French Southern Territories",
    "countryCode": "TF",
    "countryCode3": "ATF",
    "capital": "Port-aux-Francais",
    "continentCode": "AN",
    "area": 78290,
    "population": 140,
    "lat": -49.280366,
    "lng": 69.348557,
    "currencyCode": "",
    "currencyName": "",
    "languages": "fr"
  },
  {
    "countryId": "ec961d5c-f809-4b26-99b7-089a5d55ae5a",
    "countryName": "Togo",
    "countryCode": "TG",
    "countryCode3": "TGO",
    "capital": "Lome",
    "continentCode": "AF",
    "area": 567850,
    "population": 6587239,
    "lat": 8.619543,
    "lng": 0.824782,
    "currencyCode": "XOF",
    "currencyName": "CFA Franc BCEAO",
    "languages": "fr-TG,ee,hna,kbp,dag,ha"
  },
  {
    "countryId": "a6828f34-3f12-48fe-88b6-b22bf7424437",
    "countryName": "British Virgin Islands",
    "countryCode": "VG",
    "countryCode3": "VGB",
    "capital": "Road Town",
    "continentCode": "NA",
    "area": 1530,
    "population": 21730,
    "lat": 18.420695,
    "lng": -64.639968,
    "currencyCode": "USD",
    "currencyName": "US Dollar",
    "languages": "en-VG"
  },
  {
    "countryId": "2ac19b1b-dfee-4ba9-8951-2ddc232e826b",
    "countryName": "U.S. Virgin Islands",
    "countryCode": "VI",
    "countryCode3": "VIR",
    "capital": "Charlotte Amalie",
    "continentCode": "NA",
    "area": 3520,
    "population": 108708,
    "lat": 18.335765,
    "lng": -64.896335,
    "currencyCode": "USD",
    "currencyName": "US Dollar",
    "languages": "en-VI"
  },
  {
    "countryId": "f9d0a56a-978c-4407-a2a0-7fe1c437a37f",
    "countryName": "Vietnam",
    "countryCode": "VN",
    "countryCode3": "VNM",
    "capital": "Hanoi",
    "continentCode": "AS",
    "area": 3295600,
    "population": 89571130,
    "lat": 14.058324,
    "lng": 108.277199,
    "currencyCode": "VND",
    "currencyName": "Dong",
    "languages": "vi,en,fr,zh,km"
  },
  {
    "countryId": "b561266b-7a3b-417d-8a7d-6d16d82ed2bb",
    "countryName": "Vanuatu",
    "countryCode": "VU",
    "countryCode3": "VUT",
    "capital": "Port Vila",
    "continentCode": "OC",
    "area": 122000,
    "population": 221552,
    "lat": -15.376706,
    "lng": 166.959158,
    "currencyCode": "VUV",
    "currencyName": "Vatu",
    "languages": "bi,en-VU,fr-VU"
  },
  {
    "countryId": "9d53d5a7-66fc-4b19-91ec-26dbd9c8d0d7",
    "countryName": "Wallis and Futuna",
    "countryCode": "WF",
    "countryCode3": "WLF",
    "capital": "Mata Utu",
    "continentCode": "OC",
    "area": 2740,
    "population": 16025,
    "lat": -13.768752,
    "lng": -177.156097,
    "currencyCode": "XPF",
    "currencyName": "CFP Franc",
    "languages": "wls,fud,fr-WF"
  },
  {
    "countryId": "f444d897-74ee-4dc3-aca6-cfaaa7edd70a",
    "countryName": "Samoa",
    "countryCode": "WS",
    "countryCode3": "WSM",
    "capital": "Apia",
    "continentCode": "OC",
    "area": 29440,
    "population": 192001,
    "lat": -13.759029,
    "lng": -172.104629,
    "currencyCode": "WST",
    "currencyName": "Tala",
    "languages": "sm,en-WS"
  },
  {
    "countryId": "411bcfcc-d07b-453b-8cc0-5df9efc7353a",
    "countryName": "Yemen",
    "countryCode": "YE",
    "countryCode3": "YEM",
    "capital": "Sanaa",
    "continentCode": "AS",
    "area": 5279700,
    "population": 23495361,
    "lat": 15.552727,
    "lng": 48.516388,
    "currencyCode": "YER",
    "currencyName": "Yemeni Rial",
    "languages": "ar-YE"
  },
  {
    "countryId": "8f7318a7-99d0-4401-8b4d-83cf4bbf9c06",
    "countryName": "Mayotte",
    "countryCode": "YT",
    "countryCode3": "MYT",
    "capital": "Mamoudzou",
    "continentCode": "AF",
    "area": 3740,
    "population": 159042,
    "lat": -12.8275,
    "lng": 45.166244,
    "currencyCode": "EUR",
    "currencyName": "Euro",
    "languages": "fr-YT"
  },
  {
    "countryId": "0c2e47d5-4c30-4120-b2a3-be43cab1b8e7",
    "countryName": "South Africa",
    "countryCode": "ZA",
    "countryCode3": "ZAF",
    "capital": "Pretoria",
    "continentCode": "AF",
    "area": 12199120,
    "population": 49000000,
    "lat": -30.559482,
    "lng": 22.937506,
    "currencyCode": "ZAR",
    "currencyName": "Rand",
    "languages": "zu,xh,af,nso,en-ZA,tn,st,ts,ss,ve,nr"
  },
  {
    "countryId": "82f2f239-c70c-42c5-881a-78fb18b381bb",
    "countryName": "Zambia",
    "countryCode": "ZM",
    "countryCode3": "ZMB",
    "capital": "Lusaka",
    "continentCode": "AF",
    "area": 7526140,
    "population": 13460305,
    "lat": -13.133897,
    "lng": 27.849332,
    "currencyCode": "ZMW",
    "currencyName": "Zambian Kwacha",
    "languages": "en-ZM,bem,loz,lun,lue,ny,toi"
  },
  {
    "countryId": "3c8596b6-ed40-422f-bac1-2c9b664810ce",
    "countryName": "Zimbabwe",
    "countryCode": "ZW",
    "countryCode3": "ZWE",
    "capital": "Harare",
    "continentCode": "AF",
    "area": 3905800,
    "population": 13061000,
    "lat": -19.015438,
    "lng": 29.154857,
    "currencyCode": "ZWL",
    "currencyName": "Zimbabwe Dollar",
    "languages": "en-ZW,sn,nr,nd"
  },
  {
    "countryId": "58f1c9ac-6252-4678-b257-c9fd6389e4b7",
    "countryName": "Austria",
    "countryCode": "AT",
    "countryCode3": "AUT",
    "capital": "Vienna",
    "continentCode": "EU",
    "area": 838580,
    "population": 8205000,
    "lat": 47.516231,
    "lng": 14.550072,
    "currencyCode": "EUR",
    "currencyName": "Euro",
    "languages": "de-AT,hr,hu,sl"
  },
  {
    "countryId": "290c1fc1-9118-4013-bea4-12aa28ae77d0",
    "countryName": "Australia",
    "countryCode": "AU",
    "countryCode3": "AUS",
    "capital": "Canberra",
    "continentCode": "OC",
    "area": 76868500,
    "population": 21515754,
    "lat": -25.274398,
    "lng": 133.775136,
    "currencyCode": "AUD",
    "currencyName": "Australian Dollar",
    "languages": "en-AU"
  },
  {
    "countryId": "104e79ba-53de-4189-b06c-2b8c60a21263",
    "countryName": "Aruba",
    "countryCode": "AW",
    "countryCode3": "ABW",
    "capital": "Oranjestad",
    "continentCode": "NA",
    "area": 1930,
    "population": 71566,
    "lat": 12.52111,
    "lng": -69.968338,
    "currencyCode": "AWG",
    "currencyName": "Aruban Florin",
    "languages": "nl-AW,es,en"
  },
  {
    "countryId": "193f95e2-a294-487e-8b13-a45e66a4fb26",
    "countryName": "Azerbaijan",
    "countryCode": "AZ",
    "countryCode3": "AZE",
    "capital": "Baku",
    "continentCode": "AS",
    "area": 866000,
    "population": 8303512,
    "lat": 40.143105,
    "lng": 47.576927,
    "currencyCode": "AZN",
    "currencyName": "Azerbaijanian Manat",
    "languages": "az,ru,hy"
  },
  {
    "countryId": "6f0b4c44-4b74-487f-b94b-39744c9731a1",
    "countryName": "Bosnia and Herzegovina",
    "countryCode": "BA",
    "countryCode3": "BIH",
    "capital": "Sarajevo",
    "continentCode": "EU",
    "area": 511290,
    "population": 4590000,
    "lat": 43.915886,
    "lng": 17.679076,
    "currencyCode": "BAM",
    "currencyName": "Convertible Mark",
    "languages": "bs,hr-BA,sr-BA"
  },
  {
    "countryId": "a4da7682-96a4-44bd-8264-13641addae1f",
    "countryName": "Barbados",
    "countryCode": "BB",
    "countryCode3": "BRB",
    "capital": "Bridgetown",
    "continentCode": "NA",
    "area": 4310,
    "population": 285653,
    "lat": 13.193887,
    "lng": -59.543198,
    "currencyCode": "BBD",
    "currencyName": "Barbados Dollar",
    "languages": "en-BB"
  },
  {
    "countryId": "f9a16d9e-259f-42b2-b716-5dfc99463114",
    "countryName": "Bangladesh",
    "countryCode": "BD",
    "countryCode3": "BGD",
    "capital": "Dhaka",
    "continentCode": "AS",
    "area": 1440000,
    "population": 156118464,
    "lat": 23.684994,
    "lng": 90.356331,
    "currencyCode": "BDT",
    "currencyName": "Taka",
    "languages": "bn-BD,en"
  },
  {
    "countryId": "b32e1ca4-e705-4383-aa0b-577af4a796f1",
    "countryName": "Thailand",
    "countryCode": "TH",
    "countryCode3": "THA",
    "capital": "Bangkok",
    "continentCode": "AS",
    "area": 5140000,
    "population": 67089500,
    "lat": 15.870032,
    "lng": 100.992541,
    "currencyCode": "THB",
    "currencyName": "Baht",
    "languages": "th,en"
  },
  {
    "countryId": "bb6449d2-eb95-45fa-9ba1-31c36aff83cc",
    "countryName": "Tajikistan",
    "countryCode": "TJ",
    "countryCode3": "TJK",
    "capital": "Dushanbe",
    "continentCode": "AS",
    "area": 1431000,
    "population": 7487489,
    "lat": 38.861034,
    "lng": 71.276093,
    "currencyCode": "TJS",
    "currencyName": "Somoni",
    "languages": "tg,ru"
  },
  {
    "countryId": "dd62275b-3aea-430c-b7af-cec677ecb92d",
    "countryName": "Tokelau",
    "countryCode": "TK",
    "countryCode3": "TKL",
    "capital": "",
    "continentCode": "OC",
    "area": 100,
    "population": 1466,
    "lat": -8.967363,
    "lng": -171.855881,
    "currencyCode": "NZD",
    "currencyName": "New Zealand Dollar",
    "languages": "tkl,en-TK"
  },
  {
    "countryId": "4dcf6fef-c914-40cc-9769-81e6e9e6b59b",
    "countryName": "Timor-Leste",
    "countryCode": "TL",
    "countryCode3": "TLS",
    "capital": "Dili",
    "continentCode": "OC",
    "area": 150070,
    "population": 1154625,
    "lat": -8.874217,
    "lng": 125.727539,
    "currencyCode": "USD",
    "currencyName": "US Dollar",
    "languages": "tet,pt-TL,id,en"
  },
  {
    "countryId": "27294a42-dad0-4228-9985-9bf03469aaea",
    "countryName": "Turkmenistan",
    "countryCode": "TM",
    "countryCode3": "TKM",
    "capital": "Ashgabat",
    "continentCode": "AS",
    "area": 4881000,
    "population": 4940916,
    "lat": 38.969719,
    "lng": 59.556278,
    "currencyCode": "TMT",
    "currencyName": "Turkmenistan New Manat",
    "languages": "tk,ru,uz"
  },
  {
    "countryId": "26dea673-b513-4810-81de-c8a89cd8888e",
    "countryName": "Tunisia",
    "countryCode": "TN",
    "countryCode3": "TUN",
    "capital": "Tunis",
    "continentCode": "AF",
    "area": 1636100,
    "population": 10589025,
    "lat": 33.886917,
    "lng": 9.537499,
    "currencyCode": "TND",
    "currencyName": "Tunisian Dinar",
    "languages": "ar-TN,fr"
  },
  {
    "countryId": "d3a56719-709e-4fec-a857-b7c211dc5898",
    "countryName": "Tonga",
    "countryCode": "TO",
    "countryCode3": "TON",
    "capital": "Nuku'alofa",
    "continentCode": "OC",
    "area": 7480,
    "population": 122580,
    "lat": -21.178986,
    "lng": -175.198242,
    "currencyCode": "TOP",
    "currencyName": "Paanga",
    "languages": "to,en-TO"
  },
  {
    "countryId": "a699670c-71f1-40b8-b40b-32ba01d3f0c0",
    "countryName": "Turkey",
    "countryCode": "TR",
    "countryCode3": "TUR",
    "capital": "Ankara",
    "continentCode": "AS",
    "area": 7805800,
    "population": 77804122,
    "lat": 38.963745,
    "lng": 35.243322,
    "currencyCode": "TRY",
    "currencyName": "Turkish Lira",
    "languages": "tr-TR,ku,diq,az,av"
  },
  {
    "countryId": "aaa71e2c-613a-47a9-875c-cd4882aaf753",
    "countryName": "Trinidad and Tobago",
    "countryCode": "TT",
    "countryCode3": "TTO",
    "capital": "Port of Spain",
    "continentCode": "NA",
    "area": 51280,
    "population": 1328019,
    "lat": 10.691803,
    "lng": -61.222503,
    "currencyCode": "TTD",
    "currencyName": "Trinidad and Tobago Dollar",
    "languages": "en-TT,hns,fr,es,zh"
  },
  {
    "countryId": "e807a9f8-fdf6-402c-80b3-94daa94e59d8",
    "countryName": "Tuvalu",
    "countryCode": "TV",
    "countryCode3": "TUV",
    "capital": "Funafuti",
    "continentCode": "OC",
    "area": 260,
    "population": 10472,
    "lat": -7.109535,
    "lng": 177.64933,
    "currencyCode": "AUD",
    "currencyName": "Australian Dollar",
    "languages": "tvl,en,sm,gil"
  },
  {
    "countryId": "efed67f1-c8fe-47cc-a981-ecd6e6c8429e",
    "countryName": "Taiwan",
    "countryCode": "TW",
    "countryCode3": "TWN",
    "capital": "Taipei",
    "continentCode": "AS",
    "area": 359800,
    "population": 22894384,
    "lat": 23.69781,
    "lng": 120.960515,
    "currencyCode": "",
    "currencyName": "",
    "languages": "zh-TW,zh,nan,hak"
  },
  {
    "countryId": "e9d2a634-3edc-46d4-bd06-892e543123e6",
    "countryName": "Tanzania",
    "countryCode": "TZ",
    "countryCode3": "TZA",
    "capital": "Dodoma",
    "continentCode": "AF",
    "area": 9450870,
    "population": 41892895,
    "lat": -6.369028,
    "lng": 34.888822,
    "currencyCode": "TZS",
    "currencyName": "Tanzanian Shilling",
    "languages": "sw-TZ,en,ar"
  },
  {
    "countryId": "5eadf3e7-93d5-4e36-a675-d5d3050a639d",
    "countryName": "Ukraine",
    "countryCode": "UA",
    "countryCode3": "UKR",
    "capital": "Kyiv",
    "continentCode": "EU",
    "area": 6037000,
    "population": 45415596,
    "lat": 48.379433,
    "lng": 31.16558,
    "currencyCode": "UAH",
    "currencyName": "Hryvnia",
    "languages": "uk,ru-UA,rom,pl,hu"
  },
  {
    "countryId": "f7175682-304e-48fd-9ae1-179a73deb0f6",
    "countryName": "Uganda",
    "countryCode": "UG",
    "countryCode3": "UGA",
    "capital": "Kampala",
    "continentCode": "AF",
    "area": 2360400,
    "population": 33398682,
    "lat": 1.373333,
    "lng": 32.290275,
    "currencyCode": "UGX",
    "currencyName": "Uganda Shilling",
    "languages": "en-UG,lg,sw,ar"
  },
  {
    "countryId": "80f57d8f-6573-4bc9-b510-8ad5d9b60f7a",
    "countryName": "U.S. Minor Outlying Islands",
    "countryCode": "UM",
    "countryCode3": "UMI",
    "capital": "",
    "continentCode": "OC",
    "area": 0,
    "population": 0,
    "lat": null,
    "lng": null,
    "currencyCode": "",
    "currencyName": "",
    "languages": "en-UM"
  },
  {
    "countryId": "47e8b340-4730-4e64-8cd4-520d237583a5",
    "countryName": "United States",
    "countryCode": "US",
    "countryCode3": "USA",
    "capital": "Washington",
    "continentCode": "NA",
    "area": 96290910,
    "population": 310232863,
    "lat": 37.09024,
    "lng": -95.712891,
    "currencyCode": "USD",
    "currencyName": "US Dollar",
    "languages": "en-US,es-US,haw,fr"
  },
  {
    "countryId": "7181a717-ec62-49b3-a817-c28feb883950",
    "countryName": "Uruguay",
    "countryCode": "UY",
    "countryCode3": "URY",
    "capital": "Montevideo",
    "continentCode": "SA",
    "area": 1762200,
    "population": 3477000,
    "lat": -32.522779,
    "lng": -55.765835,
    "currencyCode": "UYU",
    "currencyName": "Peso Uruguayo",
    "languages": "es-UY"
  },
  {
    "countryId": "276e7f2d-f630-4a18-8710-3966026f86d9",
    "countryName": "Uzbekistan",
    "countryCode": "UZ",
    "countryCode3": "UZB",
    "capital": "Tashkent",
    "continentCode": "AS",
    "area": 4474000,
    "population": 27865738,
    "lat": 41.377491,
    "lng": 64.585262,
    "currencyCode": "UZS",
    "currencyName": "Uzbekistan Sum",
    "languages": "uz,ru,tg"
  },
  {
    "countryId": "a56d2252-6300-4d51-b1c3-680eebd2387d",
    "countryName": "Vatican City",
    "countryCode": "VA",
    "countryCode3": "VAT",
    "capital": "Vatican City",
    "continentCode": "EU",
    "area": 4,
    "population": 921,
    "lat": 41.902916,
    "lng": 12.453389,
    "currencyCode": "EUR",
    "currencyName": "Euro",
    "languages": "la,it,fr"
  },
  {
    "countryId": "f39a3d2b-0cb7-4923-b2b2-78798feb6ca5",
    "countryName": "Saint Vincent and the Grenadines",
    "countryCode": "VC",
    "countryCode3": "VCT",
    "capital": "Kingstown",
    "continentCode": "NA",
    "area": 3890,
    "population": 104217,
    "lat": 12.984305,
    "lng": -61.287228,
    "currencyCode": "XCD",
    "currencyName": "East Caribbean Dollar",
    "languages": "en-VC,fr"
  },
  {
    "countryId": "3b4c9960-1860-47ad-b9e3-2aeea00560b7",
    "countryName": "Venezuela",
    "countryCode": "VE",
    "countryCode3": "VEN",
    "capital": "Caracas",
    "continentCode": "SA",
    "area": 9120500,
    "population": 27223228,
    "lat": 6.42375,
    "lng": -66.58973,
    "currencyCode": "VEF",
    "currencyName": "Bolivar",
    "languages": "es-VE"
  }
]
